Year,Literacy_Female_Adult,Literacy_Male_Adult,Literacy_Female_Youth,Literacy_Male_Youth,GDP_per_capita,Education_Expenditure,Urban_Population,Poverty,Child_Marriage_Under18,Child_Marriage_Under15,Net_Migration,Fertility_Rate,Country Name,Country Code
2006.0,18.4429092407227,40.6161689758301,30.7865505218506,54.8669395446777,900.62053578735,2.56340003013611,41.049,69.7125,34.4,7.9,-15135.0,5.673,Benin,BEN
2007.0,19.051404317220083,41.34018389383953,32.47852230072024,56.37926991780596,926.740113754071,2.36331009864807,41.558,69.45,33.983333333333334,8.333333333333334,241.0,5.627,Benin,BEN
2008.0,19.659899393717467,42.06419881184897,34.170494079589865,57.89160029093424,943.203380303862,2.77728009223938,42.069,69.1875,33.56666666666666,8.766666666666667,3198.0,5.548,Benin,BEN
2009.0,20.26839447021485,42.7882137298584,35.8624658584595,59.4039306640625,936.565651071554,3.08927011489868,42.58,68.92500000000001,33.15,9.2,4279.0,5.491,Benin,BEN
2010.0,20.87688954671223,43.51222864786783,37.55443763732914,60.916261037190765,928.246655329144,3.67997002601624,43.093,68.66250000000001,32.733333333333334,9.633333333333333,3947.0,5.452,Benin,BEN
2011.0,21.48538462320961,44.23624356587727,39.246409416198766,62.42859141031904,927.716412836707,4.40000009536743,43.608,68.4,32.31666666666666,10.066666666666666,4283.0,5.436,Benin,BEN
2012.0,22.093879699707,44.9602584838867,40.9383811950684,63.9409217834473,943.918771531001,3.56202006340027,44.125,67.75,31.9,10.5,1260.0,5.429,Benin,BEN
2013.0,23.38507385253904,46.17870712280272,42.94777679443362,64.51269531250001,982.399206290516,3.3275101184845,44.642,67.1,31.683333333333334,10.316666666666666,-887.0,5.41,Benin,BEN
2014.0,24.67626800537108,47.397155761718736,44.95717239379884,65.08446884155273,1014.4330062135,3.161789894104,45.166,66.45,31.466666666666665,10.133333333333333,3667.0,5.374,Benin,BEN
2015.0,25.96746215820312,48.61560440063476,46.96656799316406,65.65624237060545,1002.41886879614,3.17298007011414,45.695,65.8,31.25,9.95,3369.0,5.32,Benin,BEN
2016.0,27.25865631103516,49.83405303955077,48.97596359252928,66.22801589965817,1006.03926633023,2.89910006523132,46.229,56.266666666666666,31.03333333333333,9.766666666666667,3837.0,5.254,Benin,BEN
2017.0,28.5498504638672,51.0525016784668,50.9853591918945,66.7997894287109,1032.90471194182,3.53558993339539,46.768,46.73333333333333,30.816666666666663,9.583333333333334,3716.0,5.155,Benin,BEN
2018.0,29.69601249694825,52.40439414978027,53.03562927246092,67.8418388366699,1071.50452156932,2.93161988258362,47.312,37.2,30.6,9.4,3372.0,5.031,Benin,BEN
2019.0,30.8421745300293,53.75628662109375,55.08589935302735,68.8838882446289,1114.17304526443,2.96520113945007,47.861,33.86666666666667,29.825000000000003,8.525,3366.0,4.9,Benin,BEN
2020.0,31.98833656311035,55.10817909240723,57.13616943359378,69.9259376525879,1126.65404122154,3.09441518783569,48.415,30.53333333333333,29.05,7.65,1729.0,4.795,Benin,BEN
2021.0,33.1344985961914,56.4600715637207,59.1864395141602,70.9679870605469,1176.37727637273,3.20348429679871,48.972,27.2,28.275,6.775,1729.0,4.707,Benin,BEN
2022.0,36.4000015258789,57.9000015258789,59.0999984741211,73.5999984741211,1218.49668929091,3.37785911560059,49.534,27.2,27.5,5.9,-192.0,4.634,Benin,BEN
2006.0,16.0,30.0,27.0,40.0,514.113131757062,3.98218989372253,22.339,68.4,51.77142857142857,7.3428571428571425,-4218.0,6.17,Burkina Faso,BFA
2007.0,21.0,37.0,33.0,47.0,519.26101218434,4.07983016967773,22.996,68.0,51.72857142857143,8.057142857142857,-28202.0,6.11,Burkina Faso,BFA
2008.0,21.714285714285715,38.0,31.079999923706065,47.0133336385091,533.471299938288,3.8872967561086,23.534,67.6,51.68571428571428,8.771428571428572,-40725.0,6.05,Burkina Faso,BFA
2009.0,22.428571428571427,39.0,29.15999984741213,47.0266672770182,533.470084831931,3.69476334253947,24.079,67.2,51.642857142857146,9.485714285714284,-40148.0,5.992,Burkina Faso,BFA
2010.0,23.142857142857142,40.0,27.2399997711182,47.0400009155273,561.847221302489,3.50222992897034,24.633,65.5,51.6,10.2,-42055.0,5.936,Burkina Faso,BFA
2011.0,23.857142857142858,41.0,31.42999982833865,49.53000068664548,581.603658737407,3.98515009880066,25.196,63.8,51.54,9.94,-33391.0,5.869,Burkina Faso,BFA
2012.0,24.571428571428573,42.0,35.619999885559096,52.02000045776365,600.731343697818,3.60315990447998,25.767,62.1,51.48,9.68,-20930.0,5.793,Burkina Faso,BFA
2013.0,25.285714285714285,43.0,39.80999994277955,54.51000022888182,616.741331164082,4.08343982696533,26.346,60.400000000000006,51.42,9.42,-33212.0,5.697,Burkina Faso,BFA
2014.0,26.0,44.0,44.0,57.0,624.576885187665,4.05329990386963,26.934,58.7,51.36,9.16,-17984.0,5.595,Burkina Faso,BFA
2015.0,27.25,45.25,46.5,58.75,630.124750752312,3.67008996009827,27.53,55.95,51.3,8.9,-19726.0,5.478,Burkina Faso,BFA
2016.0,28.5,46.5,49.0,60.5,648.420480176012,4.649279952049255,28.134,53.2,49.11666666666667,8.716666666666667,-7598.0,5.331,Burkina Faso,BFA
2017.0,29.75,47.75,51.5,62.25,669.276310328333,5.62846994400024,28.743,50.45,46.93333333333333,8.533333333333333,-14780.0,5.17,Burkina Faso,BFA
2018.0,31.0,49.0,54.0,64.0,694.492813126351,5.488609790802,29.358,47.7,44.75,8.35,-23938.0,4.921,Burkina Faso,BFA
2019.0,25.0,35.0,44.0,51.0,717.021595096634,5.40713691711426,29.98,45.833333333333336,42.56666666666667,8.166666666666666,-25240.0,4.681,Burkina Faso,BFA
2020.0,28.015600204467752,39.56109046936035,51.378999710083,58.8229637145996,713.8421779224,5.15086507797241,30.607,43.96666666666667,40.38333333333334,7.983333333333333,-5661.0,4.44,Burkina Faso,BFA
2021.0,31.0312004089355,44.1221809387207,58.757999420166,66.6459274291992,745.472563435144,5.22401523590088,31.24,42.1,38.2,7.8,-13079.0,4.361,Burkina Faso,BFA
2022.0,29.1200008392334,40.0699996948242,51.6800003051758,55.560001373291,739.363021191451,5.27651214599609,31.877,42.1,38.2,7.8,-24960.0,4.275,Burkina Faso,BFA
2006.0,45.25,56.5,54.22000122070313,69.5,291.866399549575,4.152406692504884,9.617,81.5,,,15322.0,6.659,Burundi,BDI
2007.0,44.125,54.75,55.61000061035157,68.25,290.979116170807,4.672653436660767,9.864,80.68571428571428,,,22129.0,6.588,Burundi,BDI
2008.0,43.0,53.0,57.0,67.0,292.793764973044,5.19290018081665,10.118,79.87142857142857,,,79319.0,6.515,Burundi,BDI
2009.0,45.0,55.833333333333336,61.75500106811525,74.8300018310547,288.941917826614,6.17194986343384,10.376,79.05714285714285,,,184359.0,6.409,Burundi,BDI
2010.0,47.0,58.66666666666666,66.5100021362305,82.6600036621094,289.856950614392,6.67801666259766,10.642,78.24285714285715,20.4,2.5,11845.0,6.26,Burundi,BDI
2011.0,49.0,61.5,68.63250160217288,83.24500274658206,290.948032142504,6.24009609222412,10.915,77.42857142857143,20.2,2.5428571428571427,-19513.0,6.108,Burundi,BDI
2012.0,51.0,64.33333333333333,70.75500106811525,83.8300018310547,293.232620547249,6.03472852706909,11.194,76.61428571428571,20.0,2.585714285714286,22617.0,5.991,Burundi,BDI
2013.0,53.0,67.16666666666667,72.87750053405762,84.41500091552734,296.816900573427,5.99539995193481,11.482,75.8,19.8,2.628571428571429,-2285.0,5.889,Burundi,BDI
2014.0,55.0,70.0,75.0,85.0,299.077479357732,7.51637983322144,11.776,75.57142857142857,19.6,2.6714285714285717,-6856.0,5.794,Burundi,BDI
2015.0,57.22034072875975,71.648494720459,78.543025970459,85.87754821777345,280.966831311923,7.10290956497192,12.078,75.34285714285714,19.4,2.714285714285714,-236207.0,5.695,Burundi,BDI
2016.0,59.4406814575195,73.296989440918,82.086051940918,86.7550964355469,274.513363399011,4.96585083007812,12.388,75.11428571428571,19.2,2.757142857142857,-109296.0,5.587,Burundi,BDI
2017.0,61.0,76.0,86.0,91.0,269.47688960656,5.00918865203857,12.706,74.88571428571429,19.0,2.8,-68349.0,5.481,Burundi,BDI
2018.0,62.68800048828124,77.16799926757812,87.43200073242188,91.59400024414062,265.672394335817,5.4135274887085,13.032,74.65714285714286,19.0,2.8,68141.0,5.38,Burundi,BDI
2019.0,64.37600097656248,78.33599853515624,88.86400146484377,92.18800048828123,261.750180238427,5.34668445587158,13.366,74.42857142857143,19.0,2.8,14253.0,5.271,Burundi,BDI
2020.0,66.06400146484371,79.50399780273436,90.29600219726564,92.78200073242186,255.078218433565,5.32158517837524,13.708,74.2,19.0,2.8,-10189.0,5.177,Burundi,BDI
2021.0,67.75200195312496,80.67199707031247,91.72800292968752,93.37600097656248,255.917950730796,4.87114191055298,14.058,74.2,19.0,2.8,-14415.0,5.078,Burundi,BDI
2022.0,69.4400024414062,81.8399963378906,93.1600036621094,93.9700012207031,253.69164159159,4.82104730606079,14.417,74.2,19.0,2.8,1995.0,4.98,Burundi,BDI
2006.0,62.42857142857143,79.0,64.6699981689453,86.4633331298828,1277.32990712342,2.53991007804871,49.143,35.13333333333333,44.68571428571429,15.614285714285714,-28528.0,5.369,Cameroon,CMR
2007.0,63.0,79.0,77.0,89.0,1295.73067471287,2.87815999984741,49.746,36.0,43.42857142857143,15.17142857142857,-10807.0,5.343,Cameroon,CMR
2008.0,63.66666666666666,78.66666666666667,76.66666666666667,87.66666666666667,1295.02211276052,2.49827003479004,50.35,35.0,42.17142857142857,14.72857142857143,-10720.0,5.294,Cameroon,CMR
2009.0,64.33333333333333,78.33333333333333,76.33333333333333,86.33333333333333,1290.89961351149,2.90790009498596,50.954,34.0,40.91428571428571,14.285714285714286,-10203.0,5.236,Cameroon,CMR
2010.0,65.0,78.0,76.0,85.0,1290.9013745759,2.84803009033203,51.559,33.0,39.65714285714286,13.842857142857143,-9366.0,5.154,Cameroon,CMR
2011.0,65.14522171020508,78.21422386169434,73.4100036621094,86.9199981689453,1297.3064962694,2.65336990356445,52.164,32.0,38.4,13.4,-12669.0,5.052,Cameroon,CMR
2012.0,65.29044342041016,78.42844772338867,82.2733357747396,87.01670946393693,1319.66961634054,2.60306000709534,52.769,31.0,37.17142857142857,13.014285714285714,-7523.0,4.982,Cameroon,CMR
2013.0,65.43566513061522,78.64267158508301,91.1366678873698,87.11342075892856,1347.2130636706,2.6554799079895,53.373,30.0,35.94285714285714,12.628571428571428,-6900.0,4.905,Cameroon,CMR
2014.0,65.5808868408203,78.85689544677734,100.0,87.21013205392019,1381.81938454907,2.58396005630493,53.976,29.0,34.714285714285715,12.242857142857144,96599.0,4.844,Cameroon,CMR
2015.0,65.72610855102538,79.0711193084717,94.09862518310548,87.30684334891181,1415.00009710569,2.65791988372803,54.578,28.67142857142857,33.48571428571429,11.857142857142858,42008.0,4.841,Cameroon,CMR
2016.0,65.87133026123044,79.28534317016603,88.19725036621095,87.40355464390345,1435.61830727839,2.56234002113342,55.179,28.34285714285714,32.25714285714286,11.471428571428572,13255.0,4.842,Cameroon,CMR
2017.0,66.01655197143552,79.49956703186037,82.29587554931643,87.50026593889507,1444.90682916573,3.05962991714478,55.777,28.014285714285712,31.02857142857143,11.085714285714284,-37912.0,4.804,Cameroon,CMR
2018.0,66.1617736816406,79.7137908935547,76.3945007324219,87.5969772338867,1461.01969999317,3.03096008300781,56.374,27.685714285714287,29.8,10.7,-9184.0,4.74,Cameroon,CMR
2019.0,69.6408882141113,81.5568962097168,80.11225128173831,88.11348724365234,1470.31785276187,3.04739952087402,56.968,27.357142857142858,29.8,10.7,-12255.0,4.651,Cameroon,CMR
2020.0,73.120002746582,83.4000015258789,83.8300018310547,88.629997253418,1434.51913723409,3.10390138626099,57.56,27.02857142857143,29.8,10.7,-9888.0,4.557,Cameroon,CMR
2021.0,73.120002746582,83.4000015258789,83.8300018310547,88.629997253418,1443.57600237663,2.82764077186584,58.148,26.7,29.8,10.7,-9888.0,4.468,Cameroon,CMR
2022.0,73.120002746582,83.4000015258789,83.8300018310547,88.629997253418,1458.66180431693,2.61768436431885,58.733,26.7,29.8,10.7,-4798.0,4.397,Cameroon,CMR
2006.0,17.260619943792165,38.98512753573331,26.293333053588867,53.60659998113458,910.773451555824,1.8490124642848924,21.834,58.6375,71.07272727272728,33.627272727272725,23052.0,7.118,Chad,TCD
2007.0,16.890929915688247,38.97769130359996,23.9399995803833,53.40989997170188,918.265540053882,2.003254950046535,21.868,55.95,70.60909090909091,33.19090909090909,-11339.0,7.092,Chad,TCD
2008.0,16.521239887584326,38.97025507146662,21.58666610717773,53.213199962269165,914.250602943879,2.1574974358081778,21.901,53.2625,70.14545454545454,32.75454545454546,36446.0,7.063,Chad,TCD
2009.0,16.151549859480408,38.96281883933327,19.233332633972168,53.016499952836455,870.353795767171,2.31173992156982,21.934,50.575,69.68181818181819,32.31818181818182,9108.0,7.021,Chad,TCD
2010.0,15.78185983137649,38.95538260719993,16.8799991607666,52.819799943403744,956.724153813537,1.98194003105164,21.985,47.8875,69.21818181818182,31.881818181818183,10427.0,6.99,Chad,TCD
2011.0,15.412169803272572,38.947946375066586,18.70272331237792,52.62309993397104,965.593242567789,2.25789999961853,22.054,45.2,68.75454545454546,31.445454545454545,29256.0,6.948,Chad,TCD
2012.0,15.042479775168657,38.94051014293324,20.52544746398924,52.42639992453832,1016.65896756228,2.20615005493164,22.142,44.72857142857143,68.2909090909091,31.009090909090908,9514.0,6.905,Chad,TCD
2013.0,14.672789747064735,38.93307391079989,22.34817161560056,52.22969991510562,1008.54996552116,2.85070991516113,22.248,44.25714285714286,67.82727272727273,30.57272727272727,51887.0,6.839,Chad,TCD
2014.0,14.303099718960818,38.92563767866655,24.17089576721188,52.03299990567291,993.25648925195,2.32031226158142,22.372,43.785714285714285,67.36363636363637,30.13636363636364,20842.0,6.781,Chad,TCD
2015.0,13.9334096908569,38.9182014465332,25.9936199188232,51.8362998962402,993.990730610869,2.3428316116333,22.515,43.31428571428572,66.9,29.7,-48918.0,6.706,Chad,TCD
2016.0,14.0,31.0,22.0,41.0,923.494348293965,2.38847589492798,22.677,42.84285714285714,65.325,28.325,21540.0,6.623,Chad,TCD
2017.0,15.5475165049235,35.50556310017903,25.7734629313151,46.0874900817871,878.913785540893,2.45481991767883,22.858,42.371428571428574,63.75,26.95,16916.0,6.537,Chad,TCD
2018.0,17.095033009847,40.01112620035807,29.5469258626302,51.1749801635742,898.669040353434,2.25947499275208,23.059,41.9,62.175,25.575,46661.0,6.464,Chad,TCD
2019.0,18.6425495147705,44.5166893005371,33.3203887939453,56.2624702453613,917.085339933556,2.37245798110962,23.279,41.3,60.6,24.2,-29451.0,6.412,Chad,TCD
2020.0,18.7183666229248,41.60445912679037,32.426925659179666,51.30497996012367,884.730874687626,2.73960399627686,23.52,40.7,60.6,24.2,36605.0,6.346,Chad,TCD
2021.0,18.794183731079094,38.69222895304364,31.53346252441403,46.34748967488604,857.290294251454,2.8881299495697,23.781,40.1,60.6,24.2,74509.0,6.255,Chad,TCD
2022.0,18.8700008392334,35.7799987792969,30.6399993896484,41.3899993896484,934.967732795261,2.53867292404175,24.063,39.5,60.6,24.2,36670.0,6.215,Chad,TCD
2006.0,47.42020988464358,77.59640630086267,54.8751843770345,78.78034718831384,346.179697463638,,37.971,90.9,,,-29715.0,6.547,"Congo, Dem. Rep.",COD
2007.0,46.1042518615723,76.9156875610352,53.2502212524414,78.9364166259766,356.886805082139,,38.47,88.9,39.1,8.3,-99742.0,6.559,"Congo, Dem. Rep.",COD
2008.0,49.48340148925784,79.13255004882816,56.94014739990234,81.34913330078129,367.843747648712,,38.976,86.9,38.84285714285714,8.542857142857143,-82339.0,6.58,"Congo, Dem. Rep.",COD
2009.0,52.86255111694338,81.34941253662112,60.63007354736327,83.76184997558596,366.830226544363,,39.491,84.9,38.58571428571429,8.785714285714286,-46009.0,6.591,"Congo, Dem. Rep.",COD
2010.0,56.24170074462892,83.56627502441408,64.3199996948242,86.17456665039064,380.578038274352,1.5249799489975,40.013,82.9,38.32857142857143,9.028571428571428,8823.0,6.587,"Congo, Dem. Rep.",COD
2011.0,59.620850372314464,85.78313751220703,70.65999984741211,88.58728332519532,393.616173563894,1.70405666033427,40.544,80.9,38.07142857142857,9.271428571428572,40891.0,6.582,"Congo, Dem. Rep.",COD
2012.0,63.0,88.0,77.0,91.0,407.671076943679,1.88313337167104,41.082,78.9,37.81428571428571,9.514285714285714,53668.0,6.559,"Congo, Dem. Rep.",COD
2013.0,63.75,88.25,76.5800018310547,92.5599975585938,427.458520350728,2.06221008300781,41.627,79.7,37.55714285714286,9.757142857142856,121097.0,6.527,"Congo, Dem. Rep.",COD
2014.0,64.5,88.5,77.72000122070314,92.03999837239589,452.339650501681,1.95142996311188,42.18,80.5,37.3,10.0,36966.0,6.483,"Congo, Dem. Rep.",COD
2015.0,65.25,88.75,78.86000061035156,91.51999918619794,467.9145805459,2.17043995857239,42.74,81.3,35.25,9.6,-17711.0,6.437,"Congo, Dem. Rep.",COD
2016.0,66.0,89.0,80.0,91.0,462.47214741215,2.1186900138855,43.307,82.1,33.2,9.2,440748.0,6.392,"Congo, Dem. Rep.",COD
2017.0,63.8001708984375,88.25681686401364,78.76873016357419,90.9087715148926,462.482920889479,1.45494997501373,43.88,82.9,31.15,8.8,176290.0,6.349,"Congo, Dem. Rep.",COD
2018.0,61.600341796875,87.5136337280273,77.5374603271484,90.8175430297852,473.294077418165,1.84417947133382,44.46,83.7,29.1,8.4,-124246.0,6.302,"Congo, Dem. Rep.",COD
2019.0,64.13275718688965,88.04272460937497,79.50559616088864,90.81065750122072,478.632426258904,2.2334089676539097,45.046,84.5,29.1,8.4,-144920.0,6.253,"Congo, Dem. Rep.",COD
2020.0,66.6651725769043,88.57181549072266,81.4737319946289,90.80377197265624,471.504423341186,2.622638463974,45.638,85.3,29.1,8.4,-1633.0,6.206,"Congo, Dem. Rep.",COD
2021.0,69.19758796691895,89.10090637207033,83.44186782836915,90.79688644409175,484.784649973339,2.660484790802,46.235,85.3,29.1,8.4,-64639.0,6.156,"Congo, Dem. Rep.",COD
2022.0,71.7300033569336,89.629997253418,85.4100036621094,90.7900009155273,511.29926733563,3.002521276474,46.837,85.3,29.1,8.4,-14991.0,6.106,"Congo, Dem. Rep.",COD
2006.0,67.97950998942056,86.07238515218098,71.99101384480795,87.61393483479819,2226.0233547376,2.48216199874878,61.441,51.95,31.425,6.1000000000000005,35475.0,4.651,"Congo, Rep.",COG
2007.0,68.95901997884113,86.14477030436197,72.9820276896159,87.22786966959637,2004.10103961966,3.28330397605896,61.893,49.4,32.05,6.300000000000001,31239.0,4.649,"Congo, Rep.",COG
2008.0,69.93852996826169,86.21715545654294,73.97304153442386,86.84180450439456,2061.55829880574,4.084445953369141,62.346,46.85,32.675,6.5,1774.0,4.726,"Congo, Rep.",COG
2009.0,70.91803995768227,86.28954060872393,74.9640553792318,86.45573933919273,2211.31572382028,4.88558793067932,62.8,44.3,33.3,6.7,86014.0,4.808,"Congo, Rep.",COG
2010.0,71.89754994710283,86.36192576090491,75.95506922403975,86.06967417399092,2332.28508055953,5.6867299079895,63.256,41.75,33.06666666666666,6.5,12318.0,4.851,"Congo, Rep.",COG
2011.0,72.8770599365234,86.4343109130859,76.9460830688477,85.6836090087891,2307.49384399715,2.64652967453003,63.712,39.2,32.833333333333336,6.3,5262.0,4.826,"Congo, Rep.",COG
2012.0,73.12635421752925,86.38488006591793,77.20147476196293,85.63424835205082,2467.06102906839,2.73923063278198,64.169,39.2,32.6,6.1,-26643.0,4.785,"Congo, Rep.",COG
2013.0,73.37564849853511,86.33544921874996,77.45686645507816,85.58488769531252,2390.65754938662,2.96090030670166,64.627,39.2,30.833333333333336,6.366666666666666,-24605.0,4.731,"Congo, Rep.",COG
2014.0,73.62494277954097,86.28601837158199,77.71225814819338,85.53552703857423,2488.68118548992,3.18256998062134,65.085,39.2,29.066666666666663,6.633333333333334,-21598.0,4.665,"Congo, Rep.",COG
2015.0,73.87423706054683,86.23658752441402,77.96764984130861,85.48616638183594,2439.35189403696,3.13882994651794,65.543,39.2,27.3,6.9,-18207.0,4.607,"Congo, Rep.",COG
2016.0,74.1235313415527,86.18715667724604,78.22304153442386,85.43680572509766,2174.19310251224,3.655599951744075,66.001,39.2,27.3,6.9,-14783.0,4.546,"Congo, Rep.",COG
2017.0,74.37282562255857,86.13772583007807,78.47843322753909,85.38744506835936,2003.27121075187,4.17236995697021,66.459,39.2,27.3,6.9,-11601.0,4.496,"Congo, Rep.",COG
2018.0,74.62211990356442,86.0882949829101,78.73382492065431,85.33808441162107,1909.9560382117,2.77167010307312,66.916,39.2,27.3,6.9,-8856.0,4.442,"Congo, Rep.",COG
2019.0,74.87141418457028,86.03886413574213,78.98921661376954,85.28872375488278,1885.51080877731,3.55946898460388,67.373,39.2,27.3,6.9,-6268.0,4.38,"Congo, Rep.",COG
2020.0,75.12070846557614,85.98943328857416,79.24460830688477,85.23936309814448,1725.51040049963,4.61901378631592,67.829,39.2,27.3,6.9,-4472.0,4.329,"Congo, Rep.",COG
2021.0,75.370002746582,85.9400024414062,79.5,85.1900024414062,1701.79060456872,3.67454195022583,68.283,39.2,27.3,6.9,-4476.0,4.28,"Congo, Rep.",COG
2022.0,75.370002746582,85.9400024414062,79.5,85.1900024414062,1686.00234391385,2.95159220695496,68.736,39.2,27.3,6.9,-995.0,4.215,"Congo, Rep.",COG
2006.0,34.73085975646975,56.2963352203369,38.5699996948242,64.66631507873535,1437.77453798586,2.8199999332428,45.652,46.833333333333336,34.31428571428572,8.428571428571429,-124651.0,5.448,Cote d'Ivoire,CIV
2007.0,34.01933638254804,55.51239109039305,38.60001309712727,63.610700925191246,1420.1738958245,3.01613998413086,46.071,47.36666666666667,34.128571428571426,8.657142857142857,-130079.0,5.403,Cote d'Ivoire,CIV
2008.0,33.30781300862633,54.7284469604492,38.63002649943033,62.55508677164713,1454.62731800082,3.09853005409241,46.491,47.9,33.94285714285714,8.885714285714286,-150037.0,5.357,Cote d'Ivoire,CIV
2009.0,32.596289634704625,53.94450283050535,38.6600399017334,61.49947261810303,1473.9183699329,3.1739399433136,46.91,47.84285714285714,33.75714285714286,9.114285714285714,-168027.0,5.332,Cote d'Ivoire,CIV
2010.0,31.88476626078292,53.1605587005615,38.69005330403647,60.44385846455892,1540.52927270246,3.24651002883911,47.33,47.785714285714285,33.57142857142858,9.342857142857143,-182689.0,5.292,Cote d'Ivoire,CIV
2011.0,31.173242886861207,52.37661457061765,38.72006670633953,59.38824431101481,1426.46463864534,2.86576008796692,47.751,47.72857142857143,33.385714285714286,9.571428571428571,-200010.0,5.244,Cote d'Ivoire,CIV
2012.0,30.4617195129395,51.5926704406738,38.7500801086426,58.3326301574707,1503.43433046682,3.4344699382782,48.172,47.67142857142857,33.2,9.8,-232712.0,5.19,Cote d'Ivoire,CIV
2013.0,33.73085975646975,51.2963352203369,42.8750400543213,58.66631507873535,1632.32712787006,3.45860004425049,48.593,47.614285714285714,32.37777777777778,9.533333333333331,-250964.0,5.135,Cote d'Ivoire,CIV
2014.0,37.0,51.0,47.0,59.0,1742.53693001178,3.31416988372803,49.014,47.55714285714286,31.55555555555556,9.266666666666667,-23011.0,5.071,Cote d'Ivoire,CIV
2015.0,38.8738307952881,55.31068992614745,50.8688201904297,65.49411392211914,1814.71855088017,3.49412989616394,49.444,47.5,30.73333333333333,9.0,522.0,4.97,Cote d'Ivoire,CIV
2016.0,40.7476615905762,59.6213798522949,54.7376403808594,71.9882278442383,1889.27777949938,3.93593001365662,49.881,39.23333333333333,29.91111111111111,8.733333333333334,18568.0,4.873,Cote d'Ivoire,CIV
2017.0,56.1651077270508,70.7475865681966,61.8250935872396,78.99215189615886,1972.81431788947,3.73654007911682,50.326,30.966666666666665,29.08888888888889,8.466666666666667,-796.0,4.757,Cote d'Ivoire,CIV
2018.0,71.5825538635254,81.8737932840983,68.9125467936198,85.99607594807944,2013.32307598499,3.21164989471436,50.779,22.7,28.26666666666667,8.200000000000001,5395.0,4.596,Cote d'Ivoire,CIV
2019.0,87.0,93.0,76.0,93.0,2093.09994335779,3.4130699634552,51.239,22.1,27.444444444444446,7.933333333333334,2043.0,4.523,Cote d'Ivoire,CIV
2020.0,63.62754440307615,76.6019592285156,67.15913581848145,84.58072662353516,2055.08483996432,3.78674006462097,51.706,21.5,26.622222222222224,7.666666666666667,-12390.0,4.461,Cote d'Ivoire,CIV
2021.0,40.2550888061523,60.2039184570312,58.3182716369629,76.1614532470703,2146.47635317946,3.32718992233276,52.18,20.9,25.8,7.4,1322.0,4.411,Cote d'Ivoire,CIV
2022.0,40.2550888061523,60.2039184570312,58.3182716369629,76.1614532470703,2227.09845246984,3.51197004318237,52.661,20.9,25.8,7.4,26777.0,4.349,Cote d'Ivoire,CIV
2006.0,58.0,75.0,82.0,88.0,2761.62410769792,4.00178003311157,43.073,3.9,16.6,2.4,-118055.0,3.223,"Egypt, Arab Rep.",EGY
2007.0,59.5,76.25,82.5,88.75,2902.06559804963,3.68460988998413,43.078,3.8,16.6,2.3000000000000003,-173021.0,3.237,"Egypt, Arab Rep.",EGY
2008.0,61.0,77.5,83.0,89.5,3052.21297844721,3.76082992553711,43.058,3.7,16.6,2.2,-192199.0,3.238,"Egypt, Arab Rep.",EGY
2009.0,62.5,78.75,83.5,90.25,3135.09661303014,3.6391909122467,43.039,2.6,16.733333333333334,2.166666666666667,-175191.0,3.259,"Egypt, Arab Rep.",EGY
2010.0,64.0,80.0,84.0,91.0,3233.84521246786,3.54265189170837,43.019,1.5,16.866666666666667,2.1333333333333333,-194100.0,3.296,"Egypt, Arab Rep.",EGY
2011.0,65.0,81.0,85.0,91.5,3222.37650111856,3.3442964553833,43.0,1.35,17.0,2.1,126170.0,3.311,"Egypt, Arab Rep.",EGY
2012.0,66.0,82.0,86.0,92.0,3220.99194203067,3.36830472946167,42.946,1.2,17.133333333333333,2.066666666666667,-2626.0,3.4,"Egypt, Arab Rep.",EGY
2013.0,63.0,82.0,90.0,94.0,3216.3783902629,4.12252616882324,42.893,1.2,17.266666666666666,2.033333333333333,130305.0,3.49,"Egypt, Arab Rep.",EGY
2014.0,63.75,80.5,89.25,92.75,3235.66246235257,4.25138568878174,42.839,1.2,17.4,2.0,-92801.0,3.49,"Egypt, Arab Rep.",EGY
2015.0,64.5,79.0,88.5,91.5,3306.98159414141,3.93084812164307,42.785,1.2,17.17142857142857,1.9714285714285715,-193298.0,3.5,"Egypt, Arab Rep.",EGY
2016.0,65.25,77.5,87.75,90.25,3381.22246306207,3.93084812164307,42.732,2.15,16.942857142857143,1.9428571428571428,-71604.0,3.35,"Egypt, Arab Rep.",EGY
2017.0,66.0,76.0,87.0,89.0,3452.90961245539,3.93084812164307,42.705,3.1,16.714285714285715,1.9142857142857144,-80000.0,3.31,"Egypt, Arab Rep.",EGY
2018.0,66.58999938964844,76.7979995727539,87.9479995727539,89.74400024414062,3568.63966286161,3.93084812164307,42.704,2.55,16.485714285714284,1.8857142857142857,20788.0,3.02,"Egypt, Arab Rep.",EGY
2019.0,67.17999877929688,77.5959991455078,88.8959991455078,90.48800048828124,3701.2446345188,3.93084812164307,42.73,2.0,16.257142857142856,1.8571428571428568,7050.0,2.87,"Egypt, Arab Rep.",EGY
2020.0,67.76999816894532,78.3939987182617,89.8439987182617,91.23200073242184,3770.86947867421,3.93084812164307,42.783,1.7,16.02857142857143,1.8285714285714287,6016.0,2.85,"Egypt, Arab Rep.",EGY
2021.0,68.35999755859376,79.19199829101561,90.7919982910156,91.97600097656247,3837.31992324447,3.93084812164307,42.862,1.4,15.8,1.8,6161.0,2.75,"Egypt, Arab Rep.",EGY
2022.0,68.9499969482422,79.9899978637695,91.7399978637695,92.7200012207031,4029.78295457978,3.93084812164307,42.967,1.4,15.8,1.8,13707.0,2.75,"Egypt, Arab Rep.",EGY
2006.0,81.46852874755862,83.540087890625,93.5800018310547,88.8099975585938,2803.19134323489,6.55475997924805,21.91,60.46666666666667,,,-10923.0,3.632,Eswatini,SWZ
2007.0,81.71328353881839,83.6301025390625,93.87212371826172,89.65435409545903,2910.69700039141,6.58644008636475,21.829,59.71111111111112,7.7,1.0,-9271.0,3.58,Eswatini,SWZ
2008.0,81.95803833007815,83.7201171875,94.16424560546876,90.49871063232423,2914.87429866549,6.61812019348145,22.045,58.95555555555556,7.313333333333333,0.94,-9822.0,3.567,Eswatini,SWZ
2009.0,82.20279312133793,83.8101318359375,94.45636749267578,91.34306716918948,2941.57575783243,6.47135019302368,22.262,58.2,6.926666666666667,0.88,-10989.0,3.504,Eswatini,SWZ
2010.0,82.4475479125977,83.900146484375,94.7484893798828,92.1874237060547,3035.32777964884,6.11837005615234,22.48,56.24285714285715,6.54,0.82,-11334.0,3.375,Eswatini,SWZ
2011.0,83.14979324340824,84.41713180541993,96.0613670349121,92.44468154907229,3086.37215510448,6.86432981491089,22.7,54.285714285714285,6.153333333333333,0.76,-11596.0,3.317,Eswatini,SWZ
2012.0,83.85203857421878,84.93411712646484,97.3742446899414,92.70193939208986,3235.47890805132,5.5932822227478,22.849,52.32857142857143,5.766666666666667,0.7,-12294.0,3.266,Eswatini,SWZ
2013.0,84.55428390502932,85.45110244750975,98.6871223449707,92.95919723510744,3342.18695835877,5.08461046218872,22.999,50.371428571428574,5.38,0.6399999999999999,-12664.0,3.237,Eswatini,SWZ
2014.0,85.25652923583986,85.96808776855468,100.0,93.21645507812502,3371.35427308353,7.07059001922607,23.149,48.41428571428571,4.993333333333333,0.58,-12724.0,3.181,Eswatini,SWZ
2015.0,85.95877456665039,86.48507308959961,99.51333363850912,93.4737129211426,3420.75357067279,5.35494709014893,23.3,46.457142857142856,4.6066666666666665,0.52,-12582.0,3.122,Eswatini,SWZ
2016.0,86.66101989746093,87.00205841064452,99.02666727701823,93.73097076416018,3559.85099149342,5.43355321884155,23.459,44.5,4.22,0.4599999999999999,-12481.0,3.068,Eswatini,SWZ
2017.0,87.36326522827147,87.51904373168944,98.54000091552734,93.98822860717776,3584.61802626857,6.17791414260864,23.625,44.5,3.833333333333333,0.3999999999999999,-8658.0,3.018,Eswatini,SWZ
2018.0,88.06551055908201,88.03602905273436,98.05333455403648,94.24548645019534,3560.81449068718,5.73687362670898,23.799,44.5,3.4466666666666663,0.3399999999999999,-8546.0,2.971,Eswatini,SWZ
2019.0,88.76775588989256,88.55301437377929,97.5666681925456,94.50274429321291,3742.38415901165,5.69914817810059,23.981,44.5,3.06,0.2799999999999999,-8439.0,2.925,Eswatini,SWZ
2020.0,89.4700012207031,89.0699996948242,97.0800018310547,94.7600021362305,3596.06416104047,5.36010456085205,24.171,44.5,2.673333333333333,0.2199999999999999,-4242.0,2.888,Eswatini,SWZ
2021.0,89.94132995605464,90.09090805053712,97.9287757873535,96.6565742492676,3676.8490229898,5.28714895248413,24.369,44.5,2.286666666666666,0.1599999999999999,-4242.0,2.841,Eswatini,SWZ
2022.0,90.4126586914062,91.11181640625,98.7775497436523,98.5531463623047,3680.42326804666,5.69260597229004,24.576,44.5,1.9,0.1,-8549.0,2.801,Eswatini,SWZ
2006.0,23.4885997772217,45.4683094024658,40.14987564086916,59.44236946105955,325.543392093065,5.49096012115479,15.899,40.0,47.86666666666667,22.65,-30512.0,6.047,Ethiopia,ETH
2007.0,29.0,49.0,47.0,63.0,352.360703147015,5.45112991333008,16.116,39.35,46.53333333333334,21.4,-381.0,5.887,Ethiopia,ETH
2008.0,29.602115631103512,50.50641886393229,46.16250038146973,63.52000045776367,379.238310448137,5.40819978713989,16.51,38.7,45.2,20.15,-20780.0,5.695,Ethiopia,ETH
2009.0,30.20423126220702,52.01283772786458,45.32500076293945,64.04000091552734,401.068729929542,4.42207002639771,16.91,38.05,43.86666666666667,18.9,16315.0,5.488,Ethiopia,ETH
2010.0,30.806346893310533,53.51925659179687,44.48750114440917,64.56000137329103,438.78661648794,4.49659013748169,17.319,37.4,42.53333333333334,17.65,80213.0,5.282,Ethiopia,ETH
2011.0,31.408462524414045,55.02567545572916,43.6500015258789,65.0800018310547,474.159034335212,5.48576021194458,17.735,36.52,41.2,16.4,116793.0,5.08,Ethiopia,ETH
2012.0,32.01057815551756,56.53209431966144,47.8335205078125,67.89083557128909,500.91935528473,5.56678009033203,18.16,35.64,41.02,15.94,119517.0,4.887,Ethiopia,ETH
2013.0,32.612693786621065,58.03851318359373,52.0170394897461,70.70166931152346,539.072451759432,4.82446432113647,18.575,34.76,40.84,15.48,80955.0,4.708,Ethiopia,ETH
2014.0,33.214809417724574,59.54493204752602,56.2005584716797,73.51250305175785,578.632922927814,4.79265069961548,18.998,33.88,40.66,15.02,103122.0,4.605,Ethiopia,ETH
2015.0,33.81692504882809,61.05135091145831,60.3840774536133,76.32333679199222,621.845673808133,5.15336132049561,19.428,33.0,40.48,14.56,62785.0,4.529,Ethiopia,ETH
2016.0,34.4190406799316,62.5577697753906,64.5675964355469,79.1341705322266,662.32729587522,5.06151390075684,19.866,33.93333333333334,40.3,14.1,115823.0,4.473,Ethiopia,ETH
2017.0,44.4233818054199,59.2414588928223,71.9725112915039,73.5207214355469,706.164227383539,5.49905061721802,20.31,34.86666666666667,40.3,14.1,71766.0,4.401,Ethiopia,ETH
2018.0,42.40302658081055,59.2414588928223,71.13336944580081,73.5207214355469,734.227726647201,5.22011184692383,20.763,35.8,40.3,14.1,9302.0,4.371,Ethiopia,ETH
2019.0,40.3826713562012,59.2414588928223,70.2942276000977,73.5207214355469,774.512169656681,4.48086929321289,21.225,36.73333333333333,40.3,14.1,-10807.0,4.347,Ethiopia,ETH
2020.0,40.3826713562012,59.2414588928223,70.2942276000977,73.5207214355469,799.47559527955,4.09056520462036,21.695,37.66666666666667,40.3,14.1,38866.0,4.274,Ethiopia,ETH
2021.0,40.3826713562012,59.2414588928223,70.2942276000977,73.5207214355469,822.305881122416,4.06524896621704,22.174,38.6,40.3,14.1,-1377.0,4.177,Ethiopia,ETH
2022.0,40.3826713562012,59.2414588928223,70.2942276000977,73.5207214355469,843.648005300445,3.73649501800537,22.661,38.6,40.3,14.1,-11996.0,4.082,Ethiopia,ETH
2006.0,59.0,73.2,76.9199981689453,86.15428379603794,1185.26570738595,5.14794015884399,47.988,58.17142857142857,25.92,5.300000000000001,28536.0,4.399,Ghana,GHA
2007.0,60.5,74.4,78.43999862670897,86.61571284702846,1205.31705804209,5.51986980438232,48.669,55.44285714285714,25.26,5.1000000000000005,32813.0,4.288,Ghana,GHA
2008.0,62.0,75.6,79.95999908447266,87.07714189801898,1282.63416886747,5.75795984268188,49.351,52.71428571428571,24.6,4.9,30506.0,4.217,Ghana,GHA
2009.0,63.5,76.8,81.47999954223633,87.53857094900948,1311.63053760125,5.31744003295898,50.031,49.98571428571428,23.950000000000003,4.9,22416.0,4.179,Ghana,GHA
2010.0,65.0,78.0,83.0,88.0,1381.2279503506,5.54059982299805,50.713,47.25714285714285,23.3,4.9,-3726.0,4.181,Ghana,GHA
2011.0,63.717172895159045,77.5562973022461,84.5999984741211,88.79249954223633,1537.81834019283,8.14097023010254,51.394,44.52857142857143,22.65,4.9,-720.0,4.177,Ghana,GHA
2012.0,62.43434579031808,77.1125946044922,84.28333282470703,89.58499908447266,1640.54072088003,7.91913986206055,52.073,41.8,22.0,4.9,1005.0,4.154,Ghana,GHA
2013.0,61.15151868547713,76.6688919067383,83.96666717529297,90.37749862670896,1718.59704769958,4.57646989822388,52.748,41.1,21.35,4.9,-2377.0,4.114,Ghana,GHA
2014.0,59.868691580636174,76.2251892089844,83.6500015258789,91.1699981689453,1726.36930134647,3.68234825134277,53.419,40.4,20.7,4.9,-6312.0,4.029,Ghana,GHA
2015.0,58.58586447579522,75.7814865112305,84.1825688680013,90.70342763264972,1722.77282833606,3.68874549865723,54.086,39.7,20.125,4.7,-13306.0,3.982,Ghana,GHA
2016.0,57.30303737095426,75.3377838134766,84.7151362101237,90.23685709635416,1740.81101902928,3.45474433898926,54.749,39.0,19.55,4.5,7009.0,3.873,Ghana,GHA
2017.0,56.0202102661133,74.8940811157227,85.2477035522461,89.7702865600586,1841.44636153249,3.18611741065979,55.407,39.0,18.975,4.3,-4913.0,3.715,Ghana,GHA
2018.0,62.743474324544266,78.0927200317383,87.95180257161459,91.04352315266928,1915.4532323781,3.01595592498779,56.06,39.0,18.4,4.1,-19375.0,3.65,Ghana,GHA
2019.0,69.46673838297522,81.2913589477539,90.6559015909831,92.31675974527992,1999.55372220211,3.15307116508484,56.707,39.0,17.825,3.9,-21857.0,3.593,Ghana,GHA
2020.0,76.1900024414062,84.4899978637695,93.3600006103516,93.5899963378906,1970.19411460398,3.40915989875793,57.349,39.0,17.25,3.7,-291.0,3.541,Ghana,GHA
2021.0,76.1900024414062,84.4899978637695,88.09500122070315,91.7249984741211,2030.04866500967,3.41949439048767,57.985,39.0,16.675,3.5,-11259.0,3.492,Ghana,GHA
2022.0,76.1900024414062,84.4899978637695,82.8300018310547,89.8600006103516,2067.20895910766,2.90529441833496,58.615,39.0,16.1,3.3,-10003.0,3.434,Ghana,GHA
2006.0,15.428571428571429,40.42857142857143,23.69600067138672,58.95200195312496,645.472001923653,1.3724733193715433,32.539,45.26,61.471428571428575,20.01428571428572,-48078.0,5.704,Guinea,GIN
2007.0,14.571428571428571,39.57142857142857,23.27200050354004,53.71400146484372,673.698997420626,1.4767966667811068,32.822,44.0,59.84285714285714,20.228571428571428,-34311.0,5.664,Guinea,GIN
2008.0,13.714285714285715,38.71428571428572,22.84800033569336,48.47600097656248,684.775780377366,1.58112001419067,33.106,39.46,58.21428571428572,20.442857142857143,-32925.0,5.596,Guinea,GIN
2009.0,12.857142857142858,37.85714285714286,22.42400016784668,43.23800048828124,660.756701330284,2.20725011825562,33.391,34.92,56.58571428571429,20.65714285714286,-34007.0,5.528,Guinea,GIN
2010.0,12.0,37.0,22.0,38.0,675.736917327708,2.55118989944458,33.678,30.38,54.957142857142856,20.871428571428574,-31327.0,5.435,Guinea,GIN
2011.0,14.5,38.75,29.6200008392334,54.8450012207031,696.199991395571,2.28742003440857,33.966,25.84,53.32857142857143,21.085714285714285,-29069.0,5.337,Guinea,GIN
2012.0,17.0,40.5,37.2400016784668,71.6900024414062,719.505916794546,1.83370995521545,34.255,21.3,51.7,21.3,-32808.0,5.232,Guinea,GIN
2013.0,19.5,42.25,37.1200008392334,64.3450012207031,729.833143236326,2.63421010971069,34.545,19.7,50.833333333333336,20.583333333333336,-29136.0,5.151,Guinea,GIN
2014.0,22.0,44.0,37.0,57.0,738.272274481308,2.42281007766724,34.836,18.1,49.96666666666667,19.866666666666667,-22741.0,5.07,Guinea,GIN
2015.0,22.967624664306648,46.5,41.8138198852539,60.25,747.356966759448,2.51713991165161,35.141,16.5,49.1,19.15,-15117.0,5.002,Guinea,GIN
2016.0,23.9352493286133,49.0,46.6276397705078,63.5,807.236421043888,2.54450011253357,35.46,14.9,48.23333333333333,18.433333333333334,-14189.0,4.915,Guinea,GIN
2017.0,25.967624664306648,51.5,44.8138198852539,66.75,867.907502577607,2.3203399181366,35.793,13.3,47.36666666666667,17.71666666666667,-13718.0,4.793,Guinea,GIN
2018.0,28.0,54.0,43.0,70.0,899.907328045175,2.38432002067566,36.14,11.7,46.5,17.0,-9187.0,4.669,Guinea,GIN
2019.0,29.0900001525879,56.38333384195963,45.03000005086263,70.4433339436849,926.42221954853,1.85812997817993,36.5,11.7,46.5,17.0,-3240.0,4.576,Guinea,GIN
2020.0,30.1800003051758,58.76666768391927,47.06000010172527,70.8866678873698,945.570903389665,2.43267011642456,36.875,11.7,46.5,17.0,-4365.0,4.489,Guinea,GIN
2021.0,31.2700004577637,61.1500015258789,49.0900001525879,71.3300018310547,973.646890096159,2.04074811935425,37.264,11.7,46.5,17.0,-4373.0,4.399,Guinea,GIN
2022.0,31.2700004577637,61.1500015258789,49.0900001525879,71.3300018310547,987.502501465337,1.98561489582062,37.668,11.7,46.5,17.0,-3997.0,4.303,Guinea,GIN
2006.0,68.45410374232696,79.35355486188618,83.11363002232143,84.60464695521763,1263.54164666211,7.04983997344971,22.045,43.91,25.5,5.0,15767.0,4.754,Kenya,KEN
2007.0,66.8631210327148,78.0791473388672,81.632568359375,83.2054214477539,1309.91092948216,6.0398933092753095,22.42,43.22,25.8,5.4,-11495.0,4.718,Kenya,KEN
2008.0,67.8835776192801,78.89327348981585,82.27599007742745,83.73874555315291,1273.77226103073,5.02994664510091,22.8,42.53,26.1,5.800000000000001,29612.0,4.66,Kenya,KEN
2009.0,68.9040342058454,79.70739964076452,82.91941179547992,84.2720696585519,1276.73503486074,4.01999998092651,23.183,41.84,26.4,6.2,7096.0,4.567,Kenya,KEN
2010.0,69.92449079241071,80.52152579171317,83.56283351353237,84.8053937639509,1340.16467408856,4.81548976898193,23.571,41.150000000000006,25.7,5.84,-21069.0,4.446,Kenya,KEN
2011.0,70.944947378976,81.33565194266183,84.20625523158483,85.3387178693499,1370.58000874482,4.70012998580933,23.969,40.46,25.0,5.48,-44795.0,4.284,Kenya,KEN
2012.0,71.9654039655413,82.14977809361048,84.84967694963728,85.87204197474891,1396.30178709756,4.93121004104614,24.376,39.77,24.3,5.12,-42928.0,4.116,Kenya,KEN
2013.0,72.9858605521066,82.96390424455915,85.49309866768975,86.4053660801479,1413.94142522583,4.83721017837524,24.794,39.080000000000005,23.6,4.76,-57634.0,3.955,Kenya,KEN
2014.0,74.0063171386719,83.7780303955078,86.1365203857422,86.9386901855469,1450.59338202277,4.7172999382019,25.221,38.39,22.9,4.4,-72415.0,3.843,Kenya,KEN
2015.0,74.78927707672122,84.00327682495116,87.27954578399658,88.08979415893556,1489.11959777284,4.9494514465332,25.658,37.7,21.6,4.125,-95977.0,3.766,Kenya,KEN
2016.0,75.57223701477054,84.22852325439453,88.42257118225098,89.24089813232422,1517.97796057742,4.66556310653687,26.105,39.04,20.3,3.850000000000001,-29728.0,3.689,Kenya,KEN
2017.0,76.35519695281984,84.45376968383789,89.56559658050537,90.39200210571288,1542.33773973372,4.26874256134033,26.562,40.38,19.0,3.575,-68702.0,3.609,Kenya,KEN
2018.0,77.13815689086915,84.67901611328125,90.70862197875977,91.54310607910156,1596.69045914945,5.32192516326904,27.03,41.72,17.7,3.3000000000000003,-115436.0,3.536,Kenya,KEN
2019.0,77.92111682891847,84.90426254272461,91.85164737701412,92.6942100524902,1645.70961777862,5.37359189987183,27.507,43.06,16.4,3.0250000000000004,-61949.0,3.433,Kenya,KEN
2020.0,78.70407676696777,85.12950897216797,92.99467277526853,93.84531402587888,1609.33414078281,5.04574871063232,27.995,44.4,15.1,2.75,-17111.0,3.364,Kenya,KEN
2021.0,79.48703670501709,85.35475540161134,94.13769817352292,94.99641799926754,1698.89578271444,4.89040184020996,28.493,46.4,13.8,2.475,-52552.0,3.312,Kenya,KEN
2022.0,80.2699966430664,85.5800018310547,95.2807235717773,96.1475219726562,1747.53198804428,4.51101779937744,29.002,46.4,12.5,2.2,-10003.0,3.262,Kenya,KEN
2006.0,87.30930582682294,70.34797159830727,93.72925821940107,77.79001871744794,893.750686627156,11.2712802886963,22.82,66.10000000000001,21.32,2.42,-11416.0,3.414,Lesotho,LSO
2007.0,86.52752346462675,68.73930019802515,93.18413458930124,76.58835517035592,927.26863327342,11.8000102043152,23.304,63.900000000000006,20.48,2.38,-5179.0,3.442,Lesotho,LSO
2008.0,85.74574110243059,67.13062879774301,92.63901095920144,75.38669162326391,971.881366821351,12.3287401199341,23.796,61.7,19.64,2.34,-5392.0,3.392,Lesotho,LSO
2009.0,84.9639587402344,65.5219573974609,92.0938873291016,74.1850280761719,952.747929746529,10.942493438720716,24.293,59.5,18.8,2.3,-5599.0,3.309,Lesotho,LSO
2010.0,84.95814514160158,65.96705932617184,92.4690856933594,75.26963043212892,995.233432451681,9.556246757507331,24.798,57.3,18.5,2.04,-5886.0,3.25,Lesotho,LSO
2011.0,84.95233154296876,66.41216125488278,92.8442840576172,76.35423278808594,1031.99721564343,8.17000007629395,25.31,55.1,18.2,1.7799999999999998,-6118.0,3.343,Lesotho,LSO
2012.0,84.94651794433594,66.85726318359372,93.219482421875,77.43883514404297,1086.39034816283,7.67000007629395,25.704,52.9,17.900000000000002,1.52,-6425.0,3.296,Lesotho,LSO
2013.0,84.94070434570312,67.30236511230466,93.5946807861328,78.52343749999999,1093.95323489272,7.28999996185303,26.101,50.7,17.6,1.26,-6659.0,3.283,Lesotho,LSO
2014.0,84.9348907470703,67.7474670410156,93.9698791503906,79.608039855957,1100.04993684215,7.19999980926514,26.502,48.5,17.3,1.0,-6877.0,3.239,Lesotho,LSO
2015.0,86.64972496032715,70.86816215515134,95.04469490051268,82.7943248748779,1121.19851342518,7.64250230789185,26.908,46.3,17.075,1.0,-7087.0,3.217,Lesotho,LSO
2016.0,88.364559173584,73.9888572692871,96.11951065063477,85.9806098937988,1147.58748801671,7.55247402191162,27.317,44.1,16.85,1.0,-6766.0,3.18,Lesotho,LSO
2017.0,90.07939338684083,77.10955238342285,97.19432640075684,89.1668949127197,1097.82166812752,7.23117733001709,27.73,41.9,16.625,1.0,-6850.0,3.105,Lesotho,LSO
2018.0,91.7942276000977,80.2302474975586,98.2691421508789,92.3531799316406,1068.44462913373,7.40291881561279,28.153,41.9,16.4,1.0,-6892.0,3.016,Lesotho,LSO
2019.0,91.2856712341309,78.6576862335205,97.59935569763184,90.2173843383789,1040.99351014117,7.19406890869141,28.585,41.9,16.4,1.0,-6896.0,2.924,Lesotho,LSO
2020.0,90.77711486816408,77.0851249694824,96.92956924438477,88.0815887451172,944.834118658555,6.99799251556396,29.028,41.9,16.4,1.0,-3449.0,2.846,Lesotho,LSO
2021.0,90.2685585021973,75.5125637054443,96.25978279113768,85.9457931518555,955.221236301503,7.50747919082642,29.48,41.9,16.4,1.0,-3449.0,2.769,Lesotho,LSO
2022.0,89.7600021362305,73.9400024414062,95.5899963378906,83.8099975585938,967.51928598325,6.43347549438477,29.943,41.9,16.4,1.0,-6023.0,2.716,Lesotho,LSO
2006.0,56.66035270690917,64.10432815551758,57.99176979064943,60.72869491577147,461.540337897729,2.83097004890442,29.425,84.58,42.56,10.8,-2336.0,5.133,Madagascar,MDG
2007.0,58.320705413818345,65.20865631103516,59.98353958129885,62.45738983154295,473.785462328449,2.90274000167847,30.043,85.26,44.44,12.0,-1563.0,5.083,Madagascar,MDG
2008.0,59.981058120727525,66.31298446655272,61.97530937194827,64.18608474731442,490.963935389518,2.55433988571167,30.67,85.94,46.32,13.2,-1255.0,5.043,Madagascar,MDG
2009.0,61.6414108276367,67.4173126220703,63.9670791625977,65.9147796630859,457.789754866068,2.82512998580933,31.301,86.62,48.2,14.4,-1429.0,5.003,Madagascar,MDG
2010.0,63.7609405517578,69.9448750813802,67.6447194417318,69.94318644205727,447.417143030687,2.58523440361023,31.938,87.3,47.41666666666667,14.258333333333333,-1979.0,4.896,Madagascar,MDG
2011.0,65.8804702758789,72.4724375406901,71.3223597208659,73.97159322102863,441.755158414121,3.09318614006042,32.58,87.5,46.63333333333333,14.116666666666667,-2219.0,4.737,Madagascar,MDG
2012.0,68.0,75.0,75.0,78.0,442.641500123543,2.46357321739197,33.227,87.7,45.85,13.975,-2334.0,4.613,Madagascar,MDG
2013.0,69.16666666666667,75.5,75.66666666666667,78.5,440.674658903628,2.40690064430237,33.878,87.7,45.06666666666667,13.833333333333334,-2445.0,4.527,Madagascar,MDG
2014.0,70.33333333333333,76.0,76.33333333333333,79.0,443.343869908205,2.98742127418518,34.534,87.7,44.28333333333333,13.691666666666666,-2522.0,4.421,Madagascar,MDG
2015.0,71.5,76.5,77.0,79.5,445.320069480568,2.70418834686279,35.193,87.7,43.5,13.55,-2594.0,4.335,Madagascar,MDG
2016.0,72.66666666666667,77.0,77.66666666666667,80.0,451.15659433146,2.69792056083679,35.856,87.7,42.71666666666667,13.408333333333331,-2687.0,4.285,Madagascar,MDG
2017.0,73.83333333333333,77.5,78.33333333333333,80.5,456.851859574031,2.70137405395508,36.522,87.7,41.93333333333333,13.266666666666666,-2784.0,4.259,Madagascar,MDG
2018.0,75.0,78.0,79.0,81.0,459.330367799543,3.04906916618347,37.191,87.7,41.15,13.125,-2887.0,4.246,Madagascar,MDG
2019.0,73.9179204305013,77.9678955078125,80.07911682128906,81.50872294108073,467.27741349648,3.01338386535645,37.861,87.7,40.36666666666667,12.983333333333333,-2976.0,4.221,Madagascar,MDG
2020.0,72.83584086100261,77.935791015625,81.15823364257814,82.01744588216147,422.924255422319,3.25443387031555,38.534,87.7,39.58333333333333,12.841666666666669,-1480.0,4.17,Madagascar,MDG
2021.0,71.7537612915039,77.9036865234375,82.2373504638672,82.5261688232422,431.599103078558,3.19807553291321,39.207,87.7,38.8,12.7,-1480.0,4.104,Madagascar,MDG
2022.0,76.0299987792969,78.9300003051758,80.6600036621094,80.8099975585938,438.516263353783,3.13901996612549,39.882,87.7,38.8,12.7,-1487.0,4.036,Madagascar,MDG
2006.0,18.0,35.0,31.0,47.0,745.087500057101,3.48264002799988,32.832,64.0,70.6,24.6,-18247.0,6.677,Mali,MLI
2007.0,18.5,37.0,31.75,49.25,748.926158364864,3.44309997558594,33.612,63.766666666666666,69.02857142857142,24.342857142857145,-19945.0,6.647,Mali,MLI
2008.0,19.0,39.0,32.5,51.5,772.091975202052,3.403559923172,34.403,63.53333333333333,67.45714285714286,24.085714285714285,-24509.0,6.624,Mali,MLI
2009.0,19.5,41.0,33.25,53.75,781.972286784084,3.86904001235962,35.2,63.3,65.88571428571429,23.82857142857143,-34383.0,6.592,Mali,MLI
2010.0,20.0,43.0,34.0,56.0,809.373887616452,3.34388995170593,35.999,59.53333333333333,64.31428571428572,23.571428571428573,-34483.0,6.579,Mali,MLI
2011.0,19.0,44.0,30.0,56.0,815.12426700512,3.75423002243042,36.799,55.766666666666666,62.74285714285714,23.31428571428572,-43160.0,6.545,Mali,MLI
2012.0,19.75,44.25,32.25,57.25,787.149724118126,3.47949004173279,37.599,52.0,61.17142857142857,23.057142857142857,-140507.0,6.523,Mali,MLI
2013.0,20.5,44.5,34.5,58.5,782.702450304467,3.28465008735657,38.398,48.23333333333333,59.6,22.8,-40951.0,6.491,Mali,MLI
2014.0,21.25,44.75,36.75,59.75,816.004655542979,3.64819002151489,39.196,44.46666666666667,58.42,21.42,-50068.0,6.441,Mali,MLI
2015.0,22.0,45.0,39.0,61.0,838.11986940103,3.80152010917664,39.991,40.7,57.24,20.04,-48872.0,6.385,Mali,MLI
2016.0,23.33333333333333,45.333333333333336,40.333333333333336,60.0,860.75307554569,3.09477996826172,40.783,36.93333333333333,56.06,18.66,-30251.0,6.319,Mali,MLI
2017.0,24.666666666666668,45.66666666666666,41.66666666666666,59.0,878.561348378099,3.78976988792419,41.572,33.166666666666664,54.88,17.28,-33942.0,6.251,Mali,MLI
2018.0,26.0,46.0,43.0,58.0,892.978322787306,3.55817008018494,42.356,29.4,53.7,15.9,-40710.0,6.118,Mali,MLI
2019.0,24.0,43.0,40.5,56.5,909.751069706998,3.55504989624023,43.136,31.633333333333333,53.7,15.9,-44373.0,5.892,Mali,MLI
2020.0,22.0,40.0,38.0,55.0,872.389721102137,3.95445990562439,43.909,33.86666666666667,53.7,15.9,-14962.0,5.85,Mali,MLI
2021.0,22.0,40.0,38.0,55.0,872.332803686266,4.36370992660522,44.677,36.1,53.7,15.9,-22210.0,5.779,Mali,MLI
2022.0,22.0,40.0,38.0,55.0,876.168301872624,4.03505516052246,45.437,36.1,53.7,15.9,-39951.0,5.692,Mali,MLI
2006.0,36.44151197160991,57.77518354143412,48.75347791399275,66.6284681047712,1637.04191255803,1.95851004123688,42.998,23.85,37.05,19.475,-18033.0,5.404,Mauritania,MRT
2007.0,35.3484306335449,57.4043807983398,47.7123908996582,66.3998794555664,1563.60628765192,2.03301205635071,43.89,21.525,37.02,19.21,-17048.0,5.426,Mauritania,MRT
2008.0,38.95702552795409,59.17031733194983,50.19679355621338,67.666566212972,1514.2655013629,2.10751407146454,44.788,19.2,36.99,18.945,-3860.0,5.436,Mauritania,MRT
2009.0,42.56562042236327,60.93625386555987,52.68119621276856,68.93325297037761,1469.05426880813,2.1820160865783698,45.686,17.95,36.96,18.68,-1481.0,5.406,Mauritania,MRT
2010.0,46.17421531677245,62.7021903991699,55.16559886932372,70.1999397277832,1460.19179652873,2.2565181016922,46.588,16.7,36.93,18.415,1128.0,5.384,Mauritania,MRT
2011.0,49.78281021118163,64.46812693277994,57.6500015258789,71.4666264851888,1472.55245572229,2.33102011680603,47.493,15.45,36.900000000000006,18.15,3272.0,5.38,Mauritania,MRT
2012.0,53.39140510559082,66.23406346638997,62.82500076293945,72.7333132425944,1488.97177557214,2.15821003913879,48.4,14.2,36.870000000000005,17.885,4515.0,5.352,Mauritania,MRT
2013.0,57.0,68.0,68.0,74.0,1502.90142381083,2.29354000091553,49.306,12.95,36.84,17.62,-2987.0,5.317,Mauritania,MRT
2014.0,57.2173652648926,71.70481872558595,71.84983825683595,80.3661804199219,1520.64621634902,2.55796432495117,50.203,11.7,36.81,17.355,-2980.0,5.261,Mauritania,MRT
2015.0,57.4347305297852,75.4096374511719,75.6996765136719,86.7323608398438,1554.94897871782,2.82956600189209,51.089,11.4,36.78,17.09,-3019.0,5.211,Mauritania,MRT
2016.0,56.31020431518558,74.34834136962893,73.95579528808597,84.4376831054688,1528.05152299375,1.94405996799469,51.962,11.1,36.75,16.825,-3008.0,5.157,Mauritania,MRT
2017.0,55.18567810058596,73.28704528808595,72.21191406250003,82.1430053710938,1576.06857825162,1.9037666320800768,52.824,10.8,36.72,16.560000000000002,-3001.0,5.106,Mauritania,MRT
2018.0,54.06115188598634,72.22574920654296,70.46803283691408,79.8483276367188,1602.90225649072,1.8634732961654636,53.672,10.5,36.690000000000005,16.295,-2987.0,5.044,Mauritania,MRT
2019.0,52.93662567138672,71.16445312499998,68.72415161132814,77.5536499023438,1605.1352359742,1.82317996025085,54.507,10.2,36.66,16.03,-3019.0,4.984,Mauritania,MRT
2020.0,51.8120994567871,70.103157043457,66.9802703857422,75.2589721679688,1553.30615586591,1.802649974823,55.327,10.2,36.63,15.765,-1483.0,4.912,Mauritania,MRT
2021.0,62.1699981689453,71.7799987792969,75.0299987792969,77.9199981689453,1520.31117904613,1.891970038414,56.133,10.2,36.6,15.5,-1483.0,4.848,Mauritania,MRT
2022.0,62.1699981689453,71.7799987792969,75.0299987792969,77.9199981689453,1576.75624107308,2.44024252891541,56.923,10.2,36.6,15.5,2999.0,4.77,Mauritania,MRT
2006.0,41.5,67.0,65.0,83.5,2489.99291992188,,55.746,9.4,15.585714285714284,2.2142857142857144,-72364.0,2.611,Morocco,MAR
2007.0,42.25,67.5,67.5,84.75,2540.615234375,,56.317,8.585714285714285,15.428571428571429,2.071428571428572,-73759.0,2.618,Morocco,MAR
2008.0,43.0,68.0,70.0,86.0,2648.58569335938,4.85339021682739,56.886,7.771428571428572,15.271428571428572,1.9285714285714288,-78912.0,2.612,Morocco,MAR
2009.0,44.0,69.0,72.0,87.0,2710.66650390625,4.83119010925293,57.452,6.957142857142857,15.114285714285714,1.7857142857142858,-82203.0,2.624,Morocco,MAR
2010.0,51.0,72.5,73.0,88.0,2767.04223632813,5.071776231129963,58.018,6.142857142857143,14.957142857142856,1.6428571428571428,-70510.0,2.629,Morocco,MAR
2011.0,58.0,76.0,74.0,89.0,2879.53930664063,5.312362353006996,58.581,5.328571428571429,14.8,1.5,-67447.0,2.595,Morocco,MAR
2012.0,59.0,80.0,88.0,94.0,2927.45043945313,5.55294847488403,59.142,4.514285714285714,14.642857142857142,1.3571428571428572,-65251.0,2.543,Morocco,MAR
2013.0,56.0,77.5,89.04100036621094,94.4620002746582,3008.185546875,5.517854452133175,59.7,3.7,14.485714285714286,1.2142857142857144,-67096.0,2.478,Morocco,MAR
2014.0,53.0,75.0,90.08200073242188,94.9240005493164,3051.458984375,5.48276042938232,60.256,3.7,14.328571428571427,1.0714285714285716,-72065.0,2.425,Morocco,MAR
2015.0,55.01000022888184,76.32750034332275,91.12300109863284,95.3860008239746,3146.24780273438,5.13336896896362,60.809,3.7,14.17142857142857,0.9285714285714286,-81248.0,2.406,Morocco,MAR
2016.0,57.02000045776367,77.65500068664551,92.16400146484376,95.8480010986328,3124.42504882813,5.08530187606812,61.36,3.7,14.014285714285714,0.7857142857142858,-39302.0,2.396,Morocco,MAR
2017.0,59.03000068664552,78.98250102996825,93.2050018310547,96.310001373291,3242.64428710938,4.73564958572388,61.908,3.7,13.857142857142856,0.642857142857143,-60472.0,2.375,Morocco,MAR
2018.0,61.04000091552735,80.310001373291,94.24600219726564,96.7720016479492,3304.7119140625,4.96022701263428,62.453,3.7,13.7,0.5,-88159.0,2.354,Morocco,MAR
2019.0,63.05000114440919,81.63750171661376,95.28700256347658,97.2340019226074,3364.73950195313,5.00325679779053,62.994,3.7,13.7,0.5,-91217.0,2.342,Morocco,MAR
2020.0,65.06000137329103,82.9650020599365,96.32800292968751,97.6960021972656,3090.89428710938,6.28428268432617,63.532,3.7,13.7,0.5,-35474.0,2.32,Morocco,MAR
2021.0,67.07000160217287,84.29250240325925,97.36900329589848,98.1580024719238,3309.130859375,5.64273405075073,64.065,3.7,13.7,0.5,-47902.0,2.288,Morocco,MAR
2022.0,69.0800018310547,85.620002746582,98.4100036621094,98.620002746582,3325.560546875,5.91224670410156,64.596,3.7,13.7,0.5,-38594.0,2.256,Morocco,MAR
2006.0,34.5,66.5,43.670000457763706,77.0,420.526462764726,3.7359299659729,30.182,83.26666666666667,56.05,19.6,-95333.0,5.452,Mozambique,MOZ
2007.0,35.0,66.66666666666667,41.5600006103516,78.0,442.049574057751,4.149579644203185,30.364,82.18333333333332,56.1,20.03333333333333,-100490.0,5.466,Mozambique,MOZ
2008.0,35.5,66.83333333333333,39.4500007629395,79.0,460.94729485679,4.56322932243347,30.832,81.1,56.150000000000006,20.466666666666665,-102534.0,5.598,Mozambique,MOZ
2009.0,36.0,67.0,57.0,80.0,475.788178051193,4.976879000663756,31.328,79.98333333333333,56.2,20.9,-100625.0,5.681,Mozambique,MOZ
2010.0,37.16666666666666,67.66666666666667,58.0,79.83333333333333,494.162859074785,5.39052867889404,31.83,78.86666666666666,52.2,17.6,-97079.0,5.66,Mozambique,MOZ
2011.0,38.333333333333336,68.33333333333333,59.0,79.66666666666667,514.869957191994,5.62194490432739,32.336,77.75,48.2,14.3,-63638.0,5.599,Mozambique,MOZ
2012.0,39.5,69.0,60.0,79.5,540.2945177803,5.5575098991394,32.846,76.63333333333334,49.375,14.925,-63131.0,5.518,Mozambique,MOZ
2013.0,40.66666666666666,69.66666666666667,61.0,79.33333333333333,559.393953685688,6.03576993942261,33.36,75.51666666666667,50.55,15.55,-57067.0,5.43,Mozambique,MOZ
2014.0,41.833333333333336,70.33333333333333,62.0,79.16666666666667,585.266716133984,6.49390125274658,33.878,74.4,51.725,16.175,-53625.0,5.304,Mozambique,MOZ
2015.0,43.0,71.0,63.0,79.0,610.563774706589,6.01083421707153,34.4,75.96000000000001,52.9,16.8,-52374.0,5.245,Mozambique,MOZ
2016.0,46.5,72.0,64.0,78.0,620.779714954555,5.80086994171143,34.926,77.52000000000001,52.3375,16.3125,-43398.0,5.188,Mozambique,MOZ
2017.0,50.0,73.0,65.0,77.0,618.397694360334,5.48664999008179,35.455,79.08,51.775,15.825,-25043.0,5.128,Mozambique,MOZ
2018.0,49.66666666666666,72.66666666666667,65.0,76.66666666666667,621.153734194787,5.38976001739502,35.988,80.64,51.2125,15.3375,-50224.0,5.07,Mozambique,MOZ
2019.0,49.333333333333336,72.33333333333333,65.0,76.33333333333333,617.13932000195,6.2863941192627,36.528,82.2,50.65,14.85,-49080.0,5.016,Mozambique,MOZ
2020.0,49.0,72.0,65.0,76.0,591.804059985932,6.64256286621094,37.074,82.2,50.0875,14.3625,-25864.0,4.959,Mozambique,MOZ
2021.0,49.0,72.0,65.0,76.0,588.215854695416,6.49789762496948,37.628,82.2,49.525,13.875,-23103.0,4.905,Mozambique,MOZ
2022.0,49.0,72.0,65.0,76.0,596.058889461466,6.16198396682739,38.187,82.2,48.9625,13.3875,-34936.0,4.84,Mozambique,MOZ
2006.0,79.292485555013,76.44028854370117,91.17952728271484,84.53214899698892,3834.99894666178,6.03171014785767,37.61,43.1,8.685714285714287,2.4571428571428573,-8792.0,3.601,Namibia,NAM
2007.0,78.3509826660156,74.3283462524414,90.6154327392578,83.2385787963867,3987.61796106565,6.21757006645203,38.598,41.6,8.5,2.5,-8905.0,3.608,Namibia,NAM
2008.0,80.76323699951169,77.99625968933105,91.71157455444336,85.67893409729002,4036.38187484707,6.40342998504639,39.597,40.1,8.233333333333334,2.35,-8775.0,3.616,Namibia,NAM
2009.0,83.1754913330078,81.6641731262207,92.8077163696289,88.11928939819336,3989.20711387651,7.32336521148682,40.601,38.6,7.966666666666667,2.2,-8626.0,3.633,Namibia,NAM
2010.0,85.5877456665039,85.33208656311035,93.90385818481444,90.55964469909668,4165.12990200988,8.24330043792725,41.616,35.983333333333334,7.7,2.05,-8518.0,3.657,Namibia,NAM
2011.0,88.0,89.0,95.0,93.0,4302.72451368462,8.0213794708252,42.637,33.36666666666667,7.433333333333334,1.9,-4067.0,3.658,Namibia,NAM
2012.0,88.43300018310546,89.31600036621094,95.5449981689453,92.54000091552734,4420.96741373862,9.24281215667725,43.693,30.75,7.166666666666667,1.75,10957.0,3.676,Namibia,NAM
2013.0,88.86600036621094,89.63200073242189,96.0899963378906,92.0800018310547,4549.26759093897,8.59541702270508,44.756,28.133333333333333,6.9,1.6,10748.0,3.653,Namibia,NAM
2014.0,89.29900054931642,89.94800109863282,96.15624713897702,92.37750148773196,4701.95694189098,9.56250667572021,45.826,25.516666666666666,6.9,1.6,11134.0,3.635,Namibia,NAM
2015.0,89.73200073242188,90.26400146484376,96.22249794006343,92.6750011444092,4774.10650865775,9.85076808929443,46.9,22.9,6.9,1.6,12755.0,3.604,Namibia,NAM
2016.0,90.16500091552734,90.5800018310547,96.28874874114987,92.97250080108644,4648.62713460213,10.592794418335,47.961,22.9,6.9,1.6,14002.0,3.574,Namibia,NAM
2017.0,90.59800109863282,90.89600219726564,96.3549995422363,93.2700004577637,4476.73324402105,9.70867252349854,49.005,22.9,6.9,1.6,16080.0,3.511,Namibia,NAM
2018.0,91.0310012817383,91.2120025634766,96.42125034332273,93.56750011444096,4400.47537705743,8.88112258911133,50.032,22.9,6.9,1.6,17920.0,3.462,Namibia,NAM
2019.0,91.46400146484376,91.52800292968752,96.48750114440917,93.8649997711182,4243.09274481966,9.32253170013428,51.042,22.9,6.9,1.6,19676.0,3.404,Namibia,NAM
2020.0,91.89700164794922,91.84400329589846,96.55375194549558,94.16249942779544,3787.49943973286,9.27799892425537,52.033,22.9,6.9,1.6,27056.0,3.349,Namibia,NAM
2021.0,92.3300018310547,92.1600036621094,96.620002746582,94.4599990844727,3809.80753359714,10.3914480209351,53.005,22.9,6.9,1.6,31327.0,3.303,Namibia,NAM
2022.0,92.3300018310547,92.1600036621094,96.620002746582,94.4599990844727,3905.55135201003,9.67791175842285,53.956,22.9,6.9,1.6,22212.0,3.248,Namibia,NAM
2006.0,16.142857142857142,42.42857142857143,11.1700000762939,33.0200004577637,415.852022114801,2.55852007865906,16.238,83.35,74.5,36.1,-10054.0,7.744,Niger,NER
2007.0,17.285714285714285,41.85714285714285,14.641666730244916,35.683333714803084,413.419126261066,3.01462006568909,16.234,82.9,74.8,34.75,-10069.0,7.726,Niger,NER
2008.0,18.428571428571427,41.285714285714285,18.113333384195933,38.34666697184247,429.195542798877,2.72311997413635,16.229,79.375,75.1,33.4,-9847.0,7.702,Niger,NER
2009.0,19.57142857142857,40.71428571428572,21.58500003814695,41.01000022888185,421.650901333136,3.33588004112244,16.225,75.85,75.4,32.05,-9014.0,7.679,Niger,NER
2010.0,20.714285714285715,40.142857142857146,25.056666692097966,43.67333348592123,441.079166112039,2.7219500541687,16.221,72.325,75.7,30.7,-8033.0,7.64,Niger,NER
2011.0,21.857142857142858,39.57142857142857,28.528333346048985,46.33666674296062,434.986264873953,3.07762002944946,16.216,68.8,76.0,29.35,-6941.0,7.592,Niger,NER
2012.0,23.0,39.0,32.0,49.0,463.066265496402,3.1868200302124,16.212,65.96666666666667,76.3,28.0,18714.0,7.527,Niger,NER
2013.0,23.67000007629395,39.729999923706046,32.83600006103516,49.67999992370605,469.690214200878,3.68952989578247,16.208,63.13333333333333,76.3,28.0,-2543.0,7.445,Niger,NER
2014.0,24.3400001525879,40.4599998474121,33.67200012207032,50.3599998474121,482.74524741946,5.10368013381958,16.219,60.3,76.3,28.0,3891.0,7.342,Niger,NER
2015.0,25.01000022888185,41.18999977111815,34.50800018310548,51.03999977111815,485.662574175279,4.48669004440308,16.247,59.975,76.3,28.0,17051.0,7.215,Niger,NER
2016.0,25.6800003051758,41.9199996948242,35.34400024414064,51.7199996948242,495.017437216008,2.95843005180359,16.29,59.65,76.3,28.0,14833.0,7.043,Niger,NER
2017.0,26.350000381469748,42.649999618530245,36.1800003051758,52.399999618530245,501.615305462902,2.57818007469177,16.35,59.325,76.3,28.0,-6830.0,6.874,Niger,NER
2018.0,27.0200004577637,43.3799995422363,37.01600036621096,53.07999954223629,519.546993483886,3.44956994056702,16.425,59.0,76.3,28.0,-3830.0,6.706,Niger,NER
2019.0,27.69000053405765,44.10999946594235,37.85200042724612,53.75999946594235,532.186024570389,3.52622723579407,16.517,59.5,76.3,28.0,-15778.0,6.537,Niger,NER
2020.0,28.3600006103516,44.8399993896484,38.68800048828128,54.4399993896484,533.194328910254,3.81920099258423,16.626,60.0,76.3,28.0,-4402.0,6.369,Niger,NER
2021.0,29.03000068664555,45.56999931335445,39.52400054931644,55.11999931335445,523.263179518652,3.82175827026367,16.751,60.5,76.3,28.0,-4405.0,6.2,Niger,NER
2022.0,29.7000007629395,46.2999992370605,40.3600006103516,55.7999992370605,566.797962983866,4.10143089294434,16.894,60.5,76.3,28.0,995.0,6.135,Niger,NER
2006.0,64.0,76.0,75.0,83.0,1949.15856804565,,39.943,45.7,40.96,17.36,-12093.0,6.053,Nigeria,NGA
2007.0,52.69338035583495,68.62702560424805,70.1800003051758,79.2829704284668,2020.83316299454,,40.819,43.9,40.18,16.88,-9162.0,6.027,Nigeria,NGA
2008.0,41.3867607116699,61.2540512084961,57.9538917541504,75.5659408569336,2098.28339220667,,41.702,42.1,39.4,16.4,-13646.0,6.024,Nigeria,NGA
2009.0,42.345409393310526,62.11222362518311,65.24925994873047,77.68675231933594,2204.6072560373,,42.588,40.3,40.08,16.58,-18422.0,5.993,Nigeria,NGA
2010.0,43.30405807495115,62.97039604187013,72.54462814331053,79.80756378173828,2315.46676509662,0.496685653924942,43.48,38.5,40.76,16.759999999999998,47966.0,5.948,Nigeria,NGA
2011.0,44.262706756591776,63.828568458557136,79.8399963378906,81.92837524414061,2370.97657091803,0.564658761024475,44.366,37.95,41.44,16.94,67808.0,5.893,Nigeria,NGA
2012.0,45.2213554382324,64.68674087524415,75.2949981689453,84.04918670654295,2403.65387896923,0.549233078956604,45.246,37.4,42.12,17.12,71138.0,5.797,Nigeria,NGA
2013.0,46.18000411987303,65.54491329193117,70.75,86.1699981689453,2495.34106573748,0.534206748008728,46.118,36.86666666666667,42.8,17.3,40201.0,5.694,Nigeria,NGA
2014.0,47.13865280151365,66.40308570861818,69.54117075602214,83.59141286214194,2583.6155695814,0.470742553472519,46.982,36.33333333333333,42.92,16.98,-19376.0,5.622,Nigeria,NGA
2015.0,48.09730148315428,67.26125812530519,68.33234151204427,81.01282755533856,2585.73360671797,0.436954915523529,47.838,35.8,43.04,16.66,-116162.0,5.503,Nigeria,NGA
2016.0,49.0559501647949,68.1194305419922,67.1235122680664,78.4342422485352,2481.81490350326,0.393045634031296,48.683,35.266666666666666,43.16,16.34,75265.0,5.343,Nigeria,NGA
2017.0,50.8562145233154,69.68756866455081,63.759691238403306,75.12018203735354,2441.71236404487,0.396354019641876,49.519,34.733333333333334,43.28,16.02,78685.0,5.182,Nigeria,NGA
2018.0,52.6564788818359,71.2557067871094,60.3958702087402,71.8061218261719,2431.77857832567,0.419998496770859,50.344,34.2,43.4,15.7,-76565.0,5.021,Nigeria,NGA
2019.0,52.85513305664061,72.08030700683597,63.28043619791664,73.79620869954431,2431.53528472982,0.358478993177414,51.157,34.2,39.03333333333333,14.566666666666666,-99722.0,4.861,Nigeria,NGA
2020.0,53.0537872314453,72.90490722656254,66.16500218709307,75.7862955729167,2337.57587388074,0.359637647867203,51.958,34.2,34.666666666666664,13.433333333333334,-14497.0,4.7,Nigeria,NGA
2021.0,53.25244140625,73.7295074462891,69.0495681762695,77.7763824462891,2372.57314465346,0.381919115781784,52.746,34.2,30.3,12.3,-86115.0,4.636,Nigeria,NGA
2022.0,53.25244140625,73.7295074462891,69.0495681762695,77.7763824462891,2398.98622787065,0.348516702651978,53.521,34.2,30.3,12.3,-51680.0,4.552,Nigeria,NGA
2006.0,60.92916641235354,71.07832336425783,70.1624908447266,73.50771636962888,474.364599792791,4.125028252601622,16.917,73.4,12.26,1.04,-34008.0,5.335,Rwanda,RWA
2007.0,61.08402748107913,71.0913772583008,72.1149826049805,74.29543151855466,497.17162247587,3.98502993583679,16.921,72.60000000000001,11.22,0.98,-32537.0,5.141,Rwanda,RWA
2008.0,61.23888854980472,71.10443115234376,74.0674743652344,75.08314666748043,538.325372439502,3.50216007232666,16.925,71.8,10.18,0.92,-31913.0,4.922,Rwanda,RWA
2009.0,61.39374961853032,71.11748504638673,76.0199661254883,75.87086181640622,557.397805246373,4.066715002059935,16.93,71.0,9.14,0.8600000000000001,-30128.0,4.707,Rwanda,RWA
2010.0,61.5486106872559,71.1305389404297,77.9724578857422,76.658576965332,583.371416824681,4.63126993179321,16.934,70.2,8.1,0.8,-29501.0,4.522,Rwanda,RWA
2011.0,63.27430534362795,71.56526947021484,80.4862289428711,78.829288482666,614.539650549868,4.38346004486084,16.938,68.53333333333333,7.84,0.7200000000000001,-27915.0,4.332,Rwanda,RWA
2012.0,65.0,72.0,83.0,81.0,651.852819118597,4.42103004455566,16.943,66.86666666666667,7.58,0.64,-25260.0,4.201,Rwanda,RWA
2013.0,65.5,74.0,84.5,82.5,666.408789246049,4.7421498298645,16.947,65.2,7.32,0.56,-16779.0,4.136,Rwanda,RWA
2014.0,66.0,76.0,86.0,84.0,690.61039542404,4.19644021987915,16.967,64.73333333333333,7.06,0.48,-19505.0,4.117,Rwanda,RWA
2015.0,66.75,76.5,89.1701126098633,87.9200210571289,733.998630392314,3.64711999893188,17.004,64.26666666666667,6.8,0.4,-21862.0,4.108,Rwanda,RWA
2016.0,67.5,77.0,89.11340840657553,86.61334737141927,759.606288682716,3.43483996391296,17.056,63.8,6.54,0.38,-24474.0,4.106,Rwanda,RWA
2017.0,68.25,77.5,89.05670420328777,85.30667368570964,771.069238049151,3.1247398853302,17.125,63.8,6.28,0.36,-25634.0,4.084,Rwanda,RWA
2018.0,69.0,78.0,89.0,84.0,817.578437867905,3.07375001907349,17.211,63.8,6.02,0.3399999999999999,-25323.0,4.047,Rwanda,RWA
2019.0,73.40504455566405,80.45388412475586,90.84825897216794,87.18022918701169,874.639659543485,3.23868060112,17.313,63.8,5.76,0.32,-24492.0,3.985,Rwanda,RWA
2020.0,77.8100891113281,82.9077682495117,92.6965179443359,90.3604583740234,826.391308275017,3.33394289016724,17.432,63.8,5.5,0.3,-22251.0,3.913,Rwanda,RWA
2021.0,77.40504455566405,81.95388412475586,92.34825897216794,89.18022918701169,896.271034197517,5.58984994888306,17.568,63.8,5.5,0.3,-21492.0,3.841,Rwanda,RWA
2022.0,77.0,81.0,92.0,88.0,948.413687606773,4.74623012542725,17.721,63.8,5.5,0.3,-9001.0,3.778,Rwanda,RWA
2006.0,65.20216478620257,83.66445595877514,82.38377162388393,86.754519871303,1157.0861446542,4.27118015289307,60.348,18.26,,,-1031.0,4.933,Sao Tome and Principe,STP
2007.0,62.64259774344309,81.99734715053017,79.86052594866071,84.9054238455636,1170.51612474435,6.28682994842529,61.52,18.42,,,-1127.0,4.957,Sao Tome and Principe,STP
2008.0,60.0830307006836,80.3302383422852,77.3372802734375,83.0563278198242,1214.14114724792,5.5544900894165,62.68,18.58,,,-1203.0,4.906,Sao Tome and Principe,STP
2009.0,66.3122730255127,83.9976787567139,82.00296020507812,86.54224586486815,1225.60541902997,9.99429035186768,63.823,18.74,34.4,5.0,-1328.0,4.838,Sao Tome and Principe,STP
2010.0,72.5415153503418,87.6651191711426,86.66864013671875,90.02816390991211,1216.3502521663,9.9882698059082,64.952,18.9,33.76,5.04,-1529.0,4.769,Sao Tome and Principe,STP
2011.0,78.7707576751709,91.3325595855713,91.33432006835938,93.51408195495604,1214.96130276731,8.458364963531494,66.064,18.057142857142857,33.12,5.08,-1616.0,4.718,Sao Tome and Principe,STP
2012.0,85.0,95.0,96.0,97.0,1225.6945255615,6.92846012115479,67.16,17.21428571428571,32.48,5.12,-1739.0,4.664,Sao Tome and Principe,STP
2013.0,84.67893327985492,94.6431187220982,98.0,96.8357456752232,1263.70423995281,6.68509006500244,68.208,16.37142857142857,31.84,5.16,-1787.0,4.584,Sao Tome and Principe,STP
2014.0,84.35786655970983,94.28623744419644,100.0,96.67149135044644,1301.32146445028,4.43216991424561,69.213,15.528571428571428,31.2,5.2,-1801.0,4.485,Sao Tome and Principe,STP
2015.0,84.03679983956475,93.92935616629464,99.01441192626956,96.50723702566964,1298.10946596396,4.69794988632202,70.174,14.685714285714283,30.56,5.24,-1809.0,4.354,Sao Tome and Principe,STP
2016.0,83.71573311941965,93.57247488839286,98.02882385253908,96.34298270089286,1342.533807689,6.11515998840332,71.092,13.842857142857142,29.92,5.28,-1793.0,4.203,Sao Tome and Principe,STP
2017.0,83.39466639927457,93.21559361049108,97.04323577880862,96.17872837611608,1375.59403284199,5.87489986419678,71.968,13.0,29.28,5.32,-1779.0,4.069,Sao Tome and Principe,STP
2018.0,83.07359967912949,92.85871233258928,96.05764770507815,96.01447405133928,1413.84348618541,5.62454986572266,72.803,13.0,28.64,5.36,-1757.0,3.977,Sao Tome and Principe,STP
2019.0,82.7525329589844,92.5018310546875,95.0720596313477,95.8502197265625,1420.66008316091,5.89931058883667,73.598,13.0,28.0,5.4,-1716.0,3.9,Sao Tome and Principe,STP
2020.0,85.525021870931,93.82455444335936,96.17470550537114,96.5568135579427,1430.84119299096,5.0152382850647,74.354,13.0,28.0,5.4,0.0,3.827,Sao Tome and Principe,STP
2021.0,88.29751078287761,95.14727783203124,97.27735137939456,97.2634073893229,1428.28676097975,5.51617622375488,75.073,13.0,28.0,5.4,-782.0,3.759,Sao Tome and Principe,STP
2022.0,91.0699996948242,96.4700012207031,98.379997253418,97.9700012207031,1403.23356704678,5.15598058700562,75.755,13.0,28.0,5.4,-592.0,3.695,Sao Tome and Principe,STP
2006.0,33.0,52.0,45.0,58.0,1118.7830430051,3.82137989997864,42.124,53.55,37.98333333333333,10.083333333333332,-64254.0,5.064,Senegal,SEN
2007.0,34.333333333333336,54.66666666666666,48.333333333333336,62.66666666666666,1123.99862153285,3.9235299825668353,42.535,53.5,36.96666666666667,10.466666666666669,-66580.0,5.018,Senegal,SEN
2008.0,35.666666666666664,57.333333333333336,51.66666666666666,67.33333333333333,1138.66883930214,4.02568006515503,42.947,53.45,35.95,10.85,-67812.0,5.024,Senegal,SEN
2009.0,37.0,60.0,55.0,72.0,1142.65317233964,4.92073011398315,43.359,53.4,34.93333333333333,11.233333333333333,-69239.0,5.025,Senegal,SEN
2010.0,38.5,63.0,57.0,73.0,1153.53431121583,0.544770002365112,43.773,53.35,33.916666666666664,11.616666666666667,-69888.0,5.055,Senegal,SEN
2011.0,40.0,66.0,59.0,74.0,1139.74447892639,4.90302991867065,44.188,53.3,32.9,12.0,-43350.0,5.099,Senegal,SEN
2012.0,37.0,60.0,55.0,68.5,1154.05677992367,4.77698993682861,44.603,48.41428571428571,31.35,10.3,-42978.0,5.129,Senegal,SEN
2013.0,34.0,54.0,51.0,63.0,1147.3859217191,5.68656015396118,45.019,43.52857142857143,29.8,8.6,34878.0,5.049,Senegal,SEN
2014.0,34.584255218505845,54.088920593261705,51.060001373291,63.4500007629395,1180.7987108505,5.72907018661499,45.436,38.64285714285714,32.3,8.7,36030.0,4.884,Senegal,SEN
2015.0,35.1685104370117,54.1778411865234,56.875358581543,65.787483215332,1218.00613555438,5.45637989044189,45.862,33.75714285714285,31.0,8.5,34387.0,4.751,Senegal,SEN
2016.0,37.6722793579102,56.8072700500488,59.8858604431152,69.4069976806641,1257.40906915928,5.11309003829956,46.296,28.87142857142857,31.5,7.9,29498.0,4.648,Senegal,SEN
2017.0,40.0,65.0,64.0,76.0,1312.10932776049,4.74007987976074,46.74,23.985714285714288,28.8,8.4,29605.0,4.489,Senegal,SEN
2018.0,40.578800201416,54.4713897705078,65.6858215332031,66.2231903076172,1355.09610863712,5.11019992828369,47.192,19.1,25.5,7.8,33567.0,4.294,Senegal,SEN
2019.0,38.5151901245117,57.4714088439941,64.0255279541016,68.8222732543945,1379.60875249861,5.03527021408081,47.653,18.7,30.5,8.8,38386.0,4.1,Senegal,SEN
2020.0,41.37012736002603,61.334271748860665,67.75701904296876,72.88484954833983,1361.79143748646,5.6869797706604,48.122,18.3,30.5,8.8,33848.0,4.003,Senegal,SEN
2021.0,44.22506459554037,65.19713465372723,71.48851013183594,76.94742584228517,1414.5395109385,5.61201000213623,48.6,17.9,30.5,8.8,25519.0,3.936,Senegal,SEN
2022.0,47.0800018310547,69.0599975585938,75.2200012207031,81.0100021362305,1433.1991875241,5.98753976821899,49.086,17.9,30.5,8.8,16425.0,3.864,Senegal,SEN
2006.0,24.19037331475151,45.74048190646703,38.53333409627277,66.79000091552734,859.824260714965,2.7170250415802,37.303,65.3875,,,-34052.0,5.737,Sierra Leone,SLE
2007.0,24.285559972127267,45.11072285970053,39.91666666666663,70.18500137329103,872.68836234614,2.5967800617218,37.689,63.05,,,-6042.0,5.643,Sierra Leone,SLE
2008.0,24.380746629503022,44.48096381293404,41.2999992370605,73.5800018310547,882.54147817868,2.4658899307251,38.077,60.712500000000006,47.9,19.3,1182.0,5.563,Sierra Leone,SLE
2009.0,24.475933286878774,43.85120476616756,45.3799991607666,71.77010192871094,872.23959352481,2.8182098865509,38.466,58.375,46.1,17.94,18145.0,5.448,Sierra Leone,SLE
2010.0,24.571119944254534,43.22144571940107,49.4599990844727,69.96020202636718,902.769891411394,2.58851051330566,38.856,56.0375,44.3,16.580000000000002,7983.0,5.327,Sierra Leone,SLE
2011.0,24.66630660163029,42.59168667263458,49.925696055094434,68.15030212402341,950.760763054593,2.6782546043396,39.248,53.7,42.5,15.22,6895.0,5.209,Sierra Leone,SLE
2012.0,24.761493259006045,41.961927625868086,50.39139302571616,66.34040222167965,1025.04366004502,2.88159847259521,39.642,51.95714285714286,40.7,13.86,988.0,5.064,Sierra Leone,SLE
2013.0,24.8566799163818,41.3321685791016,50.8570899963379,64.5305023193359,1146.81973456475,2.3798131942749,40.036,50.21428571428572,38.9,12.5,2773.0,4.873,Sierra Leone,SLE
2014.0,27.7020077705383,44.70162868499757,55.30860233306885,68.08355331420894,1032.23789355905,2.66290760040283,40.432,48.471428571428575,37.35,11.85,485.0,4.703,Sierra Leone,SLE
2015.0,30.5473356246948,48.07108879089355,59.760114669799805,71.636604309082,964.575980888989,2.7871237993240348,40.829,46.72857142857143,35.8,11.2,-356.0,4.548,Sierra Leone,SLE
2016.0,33.3926634788513,51.44054889678952,64.21162700653075,75.18965530395505,1002.77862282013,2.91133999824524,41.228,44.98571428571429,34.25,10.55,4657.0,4.466,Sierra Leone,SLE
2017.0,36.2379913330078,54.8100090026855,68.6631393432617,78.7427062988281,1010.54694071207,4.66086006164551,41.636,43.24285714285715,32.7,9.9,1234.0,4.389,Sierra Leone,SLE
2018.0,35.0901012420654,54.70256996154785,68.26253128051755,78.47015380859375,1015.6678297205,6.98962783813477,42.055,41.5,31.15,9.25,-2741.0,4.294,Sierra Leone,SLE
2019.0,33.942211151123,54.5951309204102,67.8619232177734,78.1976013183594,1046.96778078594,7.44701194763184,42.484,41.5,29.6,8.6,-2238.0,4.192,Sierra Leone,SLE
2020.0,36.398141225179,55.07342020670577,69.1246159871419,77.20840199788414,1010.25294614757,8.80954837799072,42.923,41.5,29.6,8.6,1292.0,4.08,Sierra Leone,SLE
2021.0,38.854071299235,55.55170949300133,70.38730875651041,76.21920267740886,1045.7661615758,9.44223594665527,43.372,41.5,29.6,8.6,-1544.0,3.978,Sierra Leone,SLE
2022.0,41.310001373291,56.0299987792969,71.6500015258789,75.2300033569336,1077.08884538507,8.5391845703125,43.831,41.5,29.6,8.6,-4000.0,3.876,Sierra Leone,SLE
2006.0,61.37631034851075,76.7338981628418,74.38550186157225,78.74557113647461,704.502746582031,3.00991988182068,25.478,65.47142857142858,40.0,6.233333333333333,-128231.0,5.511,Tanzania,TZA
2007.0,61.22038793563844,76.41737270355225,73.98187732696532,78.18196392059325,731.52001953125,4.03342008590698,26.121,61.9,38.9,6.066666666666667,-126793.0,5.403,Tanzania,TZA
2008.0,61.06446552276613,76.1008472442627,73.57825279235837,77.6183567047119,752.540466308594,4.18591022491455,26.776,59.3,37.8,5.9,-184816.0,5.324,Tanzania,TZA
2009.0,60.90854310989381,75.78432178497314,73.17462825775144,77.05474948883055,772.929565429688,3.96076011657715,27.439,56.7,37.35,6.25,-324478.0,5.26,Tanzania,TZA
2010.0,60.7526206970215,75.4677963256836,72.7710037231445,76.4911422729492,801.29931640625,4.54169988632202,28.114,54.1,36.9,6.6,-122020.0,5.225,Tanzania,TZA
2011.0,66.87631034851074,79.2338981628418,78.88550186157225,81.74557113647461,838.999267578125,4.57789897918701,28.798,51.5,34.0,5.949999999999999,-84546.0,5.141,Tanzania,TZA
2012.0,73.0,83.0,85.0,87.0,851.910705566406,4.22964286804199,29.493,51.47142857142857,31.1,5.3,-49875.0,5.137,Tanzania,TZA
2013.0,73.0,83.0,85.0,87.0,882.8115234375,4.63769435882568,30.196,51.44285714285714,30.950000000000003,5.275,1241.0,5.156,Tanzania,TZA
2014.0,73.0,83.0,85.0,87.0,913.811218261719,4.34605741500854,30.904,51.41428571428571,30.8,5.25,-21083.0,5.122,Tanzania,TZA
2015.0,73.0,83.0,85.0,87.0,939.127319335938,4.19486570358276,31.617,51.385714285714286,30.65,5.225,201495.0,5.025,Tanzania,TZA
2016.0,73.81428527832031,83.36142839704242,85.0184587751116,87.25874437604631,970.156127929688,4.10196733474731,32.333,51.35714285714285,30.5,5.2,152194.0,5.006,Tanzania,TZA
2017.0,74.62857055664062,83.72285679408483,85.0369175502232,87.51748875209263,1001.88745117188,4.40038347244263,33.053,51.32857142857143,30.266666666666666,5.2,119142.0,4.988,Tanzania,TZA
2018.0,75.44285583496094,84.08428519112725,85.05537632533479,87.77623312813894,1024.01525878906,3.96343588829041,33.776,51.3,30.03333333333333,5.2,-55444.0,4.932,Tanzania,TZA
2019.0,76.25714111328126,84.44571358816965,85.0738351004464,88.03497750418526,1051.7666015625,3.59683632850647,34.5,51.3,29.8,5.2,-63602.0,4.866,Tanzania,TZA
2020.0,77.07142639160158,84.80714198521207,85.092293875558,88.29372188023157,1041.25964355469,3.23097252845764,35.227,51.3,29.566666666666663,5.2,-18587.0,4.801,Tanzania,TZA
2021.0,77.88571166992189,85.16857038225449,85.1107526506696,88.5524662562779,1054.31726074219,3.11515331268311,35.954,51.3,29.333333333333336,5.2,-7704.0,4.734,Tanzania,TZA
2022.0,78.6999969482422,85.5299987792969,85.1292114257812,88.8112106323242,1070.58532714844,3.23824501037598,36.682,51.3,29.1,5.2,-37557.0,4.671,Tanzania,TZA
2006.0,62.0,81.0,81.0,87.0,650.270540867444,3.877380092938736,17.425,70.17500000000001,46.3,12.3,-156232.0,6.429,Uganda,UGA
2007.0,62.75,81.5,82.0,87.75,684.542241787248,3.339885056018825,17.899,67.95,44.98,11.82,-154773.0,6.326,Uganda,UGA
2008.0,63.5,82.0,83.0,88.5,722.565167003452,2.802390019098913,18.384,65.725,43.66,11.34,-158790.0,6.202,Uganda,UGA
2009.0,64.25,82.5,84.0,89.25,749.342865535423,2.264894982179001,18.878,63.5,42.34,10.86,-164553.0,6.124,Uganda,UGA
2010.0,65.0,83.0,85.0,90.0,768.624091660131,1.72739994525909,19.383,61.06666666666667,41.02,10.38,-168322.0,6.019,Uganda,UGA
2011.0,63.5,81.0,83.5,88.0,816.516366587228,2.29890990257263,19.898,58.63333333333333,39.7,9.9,-173005.0,5.885,Uganda,UGA
2012.0,62.0,79.0,82.0,86.0,823.580468285493,1.79746997356415,20.424,56.2,38.56,9.38,-175936.0,5.729,Uganda,UGA
2013.0,61.7493600845337,78.87396049499512,81.04745292663574,84.85444068908693,828.988669729986,1.87114000320435,20.958,57.175,37.42,8.86,-176579.0,5.563,Uganda,UGA
2014.0,61.4987201690674,78.74792098999025,80.0949058532715,83.70888137817386,845.978664791099,1.91472005844116,21.504,58.150000000000006,36.28,8.34,-92273.0,5.408,Uganda,UGA
2015.0,61.2480802536011,78.62188148498538,79.14235877990725,82.56332206726077,862.934610355811,2.32152009010315,22.06,59.125,35.14,7.82,-62366.0,5.251,Uganda,UGA
2016.0,60.9974403381348,78.4958419799805,78.189811706543,81.4177627563477,874.648370639216,2.13789010047913,22.624,60.1,34.0,7.3,123379.0,5.112,Uganda,UGA
2017.0,63.58620007832849,79.55486806233726,80.66150919596356,82.95480219523115,871.093880017151,2.25363993644714,23.196,60.0,34.0,7.3,92879.0,4.987,Uganda,UGA
2018.0,66.17495981852217,80.61389414469403,83.13320668538414,84.49184163411459,895.07512785438,2.13052010536194,23.774,59.9,34.0,7.3,60724.0,4.867,Uganda,UGA
2019.0,68.76371955871585,81.6729202270508,85.6049041748047,86.02888107299805,920.939101515671,2.30828070640564,24.361,59.8,34.0,7.3,107210.0,4.744,Uganda,UGA
2020.0,71.35247929890954,82.73194630940756,88.07660166422527,87.5659205118815,917.0350317644,2.57222175598145,24.954,59.8,34.0,7.3,43464.0,4.621,Uganda,UGA
2021.0,73.94123903910322,83.79097239176433,90.54829915364584,89.10295995076494,919.401675217265,2.63593602180481,25.553,59.8,34.0,7.3,43464.0,4.51,Uganda,UGA
2022.0,76.5299987792969,84.8499984741211,93.0199966430664,90.6399993896484,933.094056370423,2.56105017662048,26.159,59.8,34.0,7.3,-118843.0,4.388,Uganda,UGA
2006.0,53.82957458496096,73.2540954589844,59.98204040527344,71.84672851562496,968.563565019492,1.488144993782045,37.395,72.0,41.7,8.36,29517.0,5.679,Zambia,ZMB
2007.0,51.7869682312012,71.3176193237305,58.4775505065918,70.3084106445312,1013.08567432637,1.24075996875763,37.881,71.85,41.6,8.5,49945.0,5.613,Zambia,ZMB
2008.0,60.52464548746747,77.21174621582033,67.9850336710612,77.20560709635413,1053.58612301068,1.0997200012207,38.371,71.7,40.142857142857146,8.128571428571428,39249.0,5.53,Zambia,ZMB
2009.0,69.26232274373373,83.10587310791017,77.4925168355306,84.10280354817706,1110.71918102486,2.25786221027374,38.861,71.55000000000001,38.68571428571428,7.757142857142857,44867.0,5.453,Zambia,ZMB
2010.0,78.0,89.0,87.0,91.0,1183.41712409199,3.41600441932678,39.355,71.4,37.22857142857143,7.385714285714286,22761.0,5.359,Zambia,ZMB
2011.0,76.0228123664856,88.09029006958008,85.23873996734619,89.93098258972168,1208.46424569634,3.35772275924683,39.851,70.7,35.77142857142857,7.014285714285714,13569.0,5.256,Zambia,ZMB
2012.0,74.0456247329712,87.18058013916016,83.47747993469238,88.86196517944335,1258.78938578996,3.69500231742859,40.354,70.0,34.31428571428572,6.642857142857143,8958.0,5.136,Zambia,ZMB
2013.0,72.0684370994568,86.27087020874022,81.71621990203856,87.79294776916502,1280.77012176778,3.71820712089539,40.865,69.30000000000001,32.857142857142854,6.271428571428572,15542.0,5.014,Zambia,ZMB
2014.0,70.0912494659424,85.3611602783203,79.95495986938475,86.72393035888669,1299.01241762504,4.171268582344055,41.382,68.60000000000001,31.4,5.9,16574.0,4.89,Zambia,ZMB
2015.0,68.114061832428,84.45145034790038,78.19369983673094,85.65491294860837,1295.87788680068,4.62433004379272,41.907,67.9,30.8,5.7250000000000005,16261.0,4.775,Zambia,ZMB
2016.0,66.1368741989136,83.54174041748044,76.43243980407712,84.58589553833005,1303.57513869133,3.74792003631592,42.438,68.44285714285715,30.2,5.550000000000001,25860.0,4.669,Zambia,ZMB
2017.0,64.1596865653992,82.63203048706052,74.67117977142331,83.51687812805172,1308.76829240086,3.72964000701904,42.976,68.9857142857143,29.6,5.375,25789.0,4.567,Zambia,ZMB
2018.0,62.1824989318848,81.7223205566406,72.9099197387695,82.4478607177734,1321.25045711573,4.73974990844727,43.521,69.52857142857144,29.0,5.2,18431.0,4.492,Zambia,ZMB
2019.0,73.2412509918213,86.3611602783203,82.85496139526364,87.97393035888669,1301.18132976178,4.41824007034302,44.072,70.07142857142857,29.0,5.2,18385.0,4.418,Zambia,ZMB
2020.0,84.3000030517578,91.0,92.8000030517578,93.5,1228.73500113195,3.94964814186096,44.629,70.61428571428571,29.0,5.2,8156.0,4.323,Zambia,ZMB
2021.0,84.3000030517578,91.0,92.8000030517578,93.5,1269.10821808895,3.10643219947815,45.192,71.15714285714286,29.0,5.2,8143.0,4.246,Zambia,ZMB
2022.0,84.3000030517578,91.0,92.8000030517578,93.5,1298.8480495593,3.58259510993958,45.761,71.7,29.0,5.2,-8566.0,4.175,Zambia,ZMB
